proposal_id,itinerary_id,proposed_by_user_id,action,target_item_id,entity_type,entity_id,title,rationale,cost_delta,currency,closes_at,status,created_at,updated_at
prp_305baa83,itn_d44baf61,usr_a2b35cea,remove,itm_f431b244,poi,poi_48787ec6,Remove: Zipline Point,"Opens at six, so it works before the train.",3195.00,LKR,2026-08-20T10:00:00+05:30,accepted,2026-07-21T10:00:00+05:30,2026-08-18T10:00:00+05:30
prp_dbf8ae51,itn_5425528a,usr_428c2df2,remove,itm_02a33b7b,poi,poi_eafd4622,Remove: Ayurveda Centre,,900.00,INR,2026-08-24T10:00:00+05:30,expired,2026-07-24T10:00:00+05:30,2026-08-18T10:00:00+05:30
prp_824e46ea,itn_d904cde6,usr_2a348485,add,,poi,poi_56fd62aa,Add: Aurangabad Lake,Two of us have already seen the original.,350.00,INR,2026-08-17T10:00:00+05:30,expired,2026-08-01T10:00:00+05:30,2026-08-18T10:00:00+05:30
prp_98d84b75,itn_45da5934,usr_ea479c41,add,,poi,poi_bba10c21,Add: Spice Market Walk,,900.00,INR,2026-08-25T10:00:00+05:30,rejected,2026-07-22T10:00:00+05:30,2026-08-18T10:00:00+05:30
prp_c8e37f83,itn_6f3cef43,usr_f7512c22,replace,itm_e52a6deb,poi,poi_2f03bafe,Replace: Yoga Shala,The forecast is bad that afternoon.,-1200.00,INR,2026-08-04T10:00:00+05:30,rejected,2026-08-04T10:00:00+05:30,2026-08-18T10:00:00+05:30
prp_da9e7f13,itn_c6ded382,usr_20caee9e,remove,itm_8b027dde,poi,poi_bfc63913,Remove: Handloom Cooperative,The forecast is bad that afternoon.,0.00,CHF,2026-08-15T10:00:00+05:30,expired,2026-08-01T10:00:00+05:30,2026-08-18T10:00:00+05:30
prp_7c0b967d,itn_5dea5818,usr_8317ab30,reschedule,itm_069eb710,poi,poi_e7c57ffd,Reschedule: Paragliding Launch,Cheaper and closer to where we are staying that morning.,-1200.00,INR,2026-08-27T10:00:00+05:30,expired,2026-07-18T10:00:00+05:30,2026-08-18T10:00:00+05:30
prp_8bb23f39,itn_21ea5a32,usr_66a4a013,replace,itm_49677a0d,poi,poi_5b490311,Replace: Alleppey Bazaar,Cheaper and closer to where we are staying that morning.,560.00,NPR,2026-08-06T10:00:00+05:30,open,2026-07-19T10:00:00+05:30,2026-08-18T10:00:00+05:30
prp_c6377deb,itn_08a6037f,usr_22e61dad,replace,itm_400b3652,poi,poi_9418fe97,Replace: Gokarna Bird Sanctuary,Two of us have already seen the original.,0.00,INR,2026-08-04T10:00:00+05:30,rejected,2026-07-10T10:00:00+05:30,2026-08-18T10:00:00+05:30
prp_77298e76,itn_741c2484,usr_a386ca28,add,,poi,poi_3ff2e625,Add: Crocodile Park,,900.00,INR,2026-08-02T10:00:00+05:30,rejected,2026-08-11T10:00:00+05:30,2026-08-18T10:00:00+05:30
prp_1a1d886a,itn_bbcd0e40,usr_dc032205,remove,itm_625bf7f2,poi,poi_89dfcf7d,Remove: Kayaking at Gangtok,Two of us have already seen the original.,900.00,INR,2026-08-23T10:00:00+05:30,open,2026-07-25T10:00:00+05:30,2026-08-18T10:00:00+05:30
prp_d6083a59,itn_454eb563,usr_2e38cf37,replace,itm_01e27f36,poi,poi_60c9ded0,Replace: Lucknow Bird Sanctuary,The forecast is bad that afternoon.,-400.00,INR,2026-08-15T10:00:00+05:30,open,2026-07-11T10:00:00+05:30,2026-08-18T10:00:00+05:30
prp_32d47e22,itn_6f9bf227,usr_8e89346c,add,,poi,poi_7b08d755,Add: Elephant Camp,"Opens at six, so it works before the train.",-400.00,INR,2026-08-10T10:00:00+05:30,open,2026-08-11T10:00:00+05:30,2026-08-18T10:00:00+05:30
prp_b3490015,itn_ad0d1ef4,usr_4022bd9b,remove,itm_e30980b1,poi,poi_892c58e8,Remove: Handloom Cooperative,Cheaper and closer to where we are staying that morning.,-640.00,NPR,2026-08-21T10:00:00+05:30,open,2026-07-15T10:00:00+05:30,2026-08-18T10:00:00+05:30
prp_c67bcdd1,itn_0826ba64,usr_596ee95d,replace,itm_97a62ede,poi,poi_697e3901,Replace: Crocodile Park,,900.00,INR,2026-08-23T10:00:00+05:30,rejected,2026-07-23T10:00:00+05:30,2026-08-18T10:00:00+05:30
prp_9ff13121,itn_0edc6018,usr_08b8f8e9,add,,poi,poi_22445cd1,Add: Blue Pottery Workshop,,-1200.00,INR,2026-08-03T10:00:00+05:30,open,2026-07-16T10:00:00+05:30,2026-08-18T10:00:00+05:30
prp_f4660efd,itn_720b282c,usr_99bd0088,replace,itm_909147aa,poi,poi_080ec099,Replace: Hilltop Shrine,Cheaper and closer to where we are staying that morning.,-4260.00,LKR,2026-08-04T10:00:00+05:30,open,2026-08-14T10:00:00+05:30,2026-08-18T10:00:00+05:30
prp_e7e91082,itn_b7e54d98,usr_47f43984,replace,itm_0ae634e2,poi,poi_b6329778,Replace: Hilltop Shrine,,2400.00,INR,2026-07-29T10:00:00+05:30,open,2026-08-10T10:00:00+05:30,2026-08-18T10:00:00+05:30
prp_af53747c,itn_262d7fe7,usr_42dc4da4,add,,poi,poi_b95f08bb,Add: Mysuru Stepwell,"Opens at six, so it works before the train.",2400.00,INR,2026-08-26T10:00:00+05:30,open,2026-07-25T10:00:00+05:30,2026-08-18T10:00:00+05:30
prp_fcf2312b,itn_6dc9eb1f,usr_3c3ae758,reschedule,itm_a40e0701,poi,poi_26b74a30,Reschedule: Elephant Camp,,-400.00,INR,2026-08-12T10:00:00+05:30,open,2026-08-04T10:00:00+05:30,2026-08-18T10:00:00+05:30
prp_592949dc,itn_ca496f4a,usr_5307f01f,add,,poi,poi_1559dff8,Add: Riverside Lounge,The forecast is bad that afternoon.,2400.00,INR,2026-08-09T10:00:00+05:30,rejected,2026-08-12T10:00:00+05:30,2026-08-18T10:00:00+05:30
prp_7de0a76f,itn_1aa579f2,usr_2740f754,replace,itm_04a3398b,poi,poi_caa6c359,Replace: Riverside Lounge,,350.00,INR,2026-08-10T10:00:00+05:30,rejected,2026-07-15T10:00:00+05:30,2026-08-18T10:00:00+05:30
prp_f4dc57a2,itn_5f9320d3,usr_2109396c,remove,itm_cad5e9ed,poi,poi_3cd58d03,Remove: Botanical Gardens,The forecast is bad that afternoon.,0.00,SGD,2026-08-02T10:00:00+05:30,rejected,2026-08-15T10:00:00+05:30,2026-08-18T10:00:00+05:30
prp_14b31891,itn_bf68ccd3,usr_6e20f92e,replace,itm_288e8e63,poi,poi_9b3237a3,Replace: Butterfly Reserve,Two of us have already seen the original.,-400.00,INR,2026-08-12T10:00:00+05:30,rejected,2026-08-05T10:00:00+05:30,2026-08-18T10:00:00+05:30
prp_dcd3c878,itn_81614ab4,usr_7dc3ba48,replace,itm_f384534f,poi,poi_4c0e8968,Replace: Hot Air Balloon Field,,0.00,INR,2026-08-20T10:00:00+05:30,open,2026-07-11T10:00:00+05:30,2026-08-18T10:00:00+05:30
prp_ae45684e,itn_c91cc237,usr_580a5fe8,add,,poi,poi_da4f49cf,Add: Hot Springs,,900.00,INR,2026-08-02T10:00:00+05:30,rejected,2026-08-01T10:00:00+05:30,2026-08-18T10:00:00+05:30
prp_caedb77d,itn_86756c0a,usr_756ce6b3,replace,itm_16b2a1a7,poi,poi_2254e322,Replace: Spice Market Walk,,-4.20,CHF,2026-08-10T10:00:00+05:30,rejected,2026-07-28T10:00:00+05:30,2026-08-18T10:00:00+05:30
prp_589cc2f8,itn_faf14c24,usr_ab2353de,replace,itm_2cb9ff29,poi,poi_e66efa5a,Replace: Rooftop Live Music,,0.00,INR,2026-08-01T10:00:00+05:30,open,2026-08-02T10:00:00+05:30,2026-08-18T10:00:00+05:30
prp_e8c57e7c,itn_82ff8a76,usr_d4aeb337,replace,itm_46ae3e17,poi,poi_53bf0d16,Replace: Handloom Cooperative,,-234000.00,IDR,2026-08-07T10:00:00+05:30,expired,2026-07-11T10:00:00+05:30,2026-08-18T10:00:00+05:30
prp_fdc42773,itn_05200341,usr_399971ee,remove,itm_b510fee1,poi,poi_dde08770,Remove: Riverside Lounge,,-400.00,INR,2026-08-06T10:00:00+05:30,rejected,2026-07-26T10:00:00+05:30,2026-08-18T10:00:00+05:30
prp_099ca109,itn_e02c855f,usr_37079a82,reschedule,itm_7d6c8ca6,poi,poi_5c2d2dd5,Reschedule: North Beach,Cheaper and closer to where we are staying that morning.,350.00,INR,2026-08-25T10:00:00+05:30,open,2026-07-19T10:00:00+05:30,2026-08-18T10:00:00+05:30
prp_a6c2d45f,itn_451721c1,usr_8b3ba681,reschedule,itm_de33dfc2,poi,poi_0893c875,Reschedule: Maritime Museum,"Opens at six, so it works before the train.",0.00,SGD,2026-07-31T10:00:00+05:30,expired,2026-07-18T10:00:00+05:30,2026-08-18T10:00:00+05:30
prp_7603c5a1,itn_16c7eede,usr_3d1b88d6,remove,itm_0e4f47e8,poi,poi_d30698db,Remove: Museum of Coins,,0.00,INR,2026-08-17T10:00:00+05:30,accepted,2026-07-24T10:00:00+05:30,2026-08-18T10:00:00+05:30
prp_c7b6dfb1,itn_23e8bf2b,usr_ab2353de,reschedule,itm_c9f51d4c,poi,poi_f0480ca4,Reschedule: Tea Estate Trail,,900.00,INR,2026-08-03T10:00:00+05:30,accepted,2026-07-16T10:00:00+05:30,2026-08-18T10:00:00+05:30
prp_23424e33,itn_80c49e97,usr_ea479c41,add,,poi,poi_b8450f6f,Add: Pokhara Street Food Lane,"Opens at six, so it works before the train.",-400.00,INR,2026-08-20T10:00:00+05:30,open,2026-07-21T10:00:00+05:30,2026-08-18T10:00:00+05:30
prp_ea68a2ed,itn_6b9ff2f4,usr_544eff67,replace,itm_9c87b0a4,poi,poi_7a4468c4,Replace: Watchtower Terrace,Cheaper and closer to where we are staying that morning.,0.00,INR,2026-08-23T10:00:00+05:30,rejected,2026-07-10T10:00:00+05:30,2026-08-18T10:00:00+05:30
prp_8116fd40,itn_cbfab114,usr_a370271a,replace,itm_49fcfc52,poi,poi_b72c42e5,Replace: Ayurveda Centre,"Opens at six, so it works before the train.",350.00,INR,2026-08-13T10:00:00+05:30,rejected,2026-08-07T10:00:00+05:30,2026-08-18T10:00:00+05:30
prp_db4d9f6e,itn_b48850e7,usr_f5a38687,add,,poi,poi_7222df37,Add: Riverside Lounge,"Opens at six, so it works before the train.",0.00,INR,2026-08-12T10:00:00+05:30,open,2026-07-28T10:00:00+05:30,2026-08-18T10:00:00+05:30
prp_f03968f8,itn_47f11f46,usr_68f5f82d,replace,itm_be7391dd,poi,poi_a1337353,Replace: Rooftop Live Music,"Opens at six, so it works before the train.",900.00,INR,2026-08-04T10:00:00+05:30,open,2026-07-20T10:00:00+05:30,2026-08-18T10:00:00+05:30
prp_312887a4,itn_9e82d6d9,usr_46091d13,add,,poi,poi_c26e3e3e,Add: Blue Pottery Workshop,,18.79,MYR,2026-08-19T10:00:00+05:30,open,2026-07-31T10:00:00+05:30,2026-08-18T10:00:00+05:30
prp_343c03a3,itn_596df4e9,usr_ea269383,remove,itm_d94cd3d0,poi,poi_18bfd097,Remove: Blue Pottery Workshop,Two of us have already seen the original.,900.00,INR,2026-08-25T10:00:00+05:30,expired,2026-08-16T10:00:00+05:30,2026-08-18T10:00:00+05:30
prp_a13e1531,itn_61002b3e,usr_65303113,remove,itm_3f934310,poi,poi_aef75f2a,Remove: Rooftop Live Music,Two of us have already seen the original.,350.00,INR,2026-08-22T10:00:00+05:30,expired,2026-08-09T10:00:00+05:30,2026-08-18T10:00:00+05:30
prp_23a70316,itn_767918cf,usr_adfa8422,add,,poi,poi_231377ba,Add: Rock Garden,Two of us have already seen the original.,0.00,NPR,2026-08-13T10:00:00+05:30,accepted,2026-08-05T10:00:00+05:30,2026-08-18T10:00:00+05:30
prp_c49c027e,itn_bc458e12,usr_57798fdb,replace,itm_278da2bb,poi,poi_a9a7d6f1,Replace: Elephant Camp,Cheaper and closer to where we are staying that morning.,350.00,INR,2026-08-05T10:00:00+05:30,accepted,2026-07-21T10:00:00+05:30,2026-08-18T10:00:00+05:30
prp_1db59b6e,itn_d0e45d2b,usr_0382185a,add,,poi,poi_7d81053b,Add: Maritime Museum,,2400.00,INR,2026-07-30T10:00:00+05:30,expired,2026-07-12T10:00:00+05:30,2026-08-18T10:00:00+05:30
prp_a3407ea4,itn_2f75d229,usr_410809ba,add,,poi,poi_a7c6fce8,Add: Hot Springs,"Opens at six, so it works before the train.",900.00,INR,2026-08-19T10:00:00+05:30,accepted,2026-07-27T10:00:00+05:30,2026-08-18T10:00:00+05:30
prp_09b808da,itn_57241b7e,usr_454b4262,add,,poi,poi_8bbc9fa1,Add: Blue Pottery Workshop,"Opens at six, so it works before the train.",-400.00,INR,2026-08-24T10:00:00+05:30,expired,2026-07-29T10:00:00+05:30,2026-08-18T10:00:00+05:30
prp_e4f1434f,itn_399908ae,usr_61710d50,remove,itm_4bfaaaee,poi,poi_b52743ff,Remove: Elephant Camp,The forecast is bad that afternoon.,-6.44,SGD,2026-08-23T10:00:00+05:30,open,2026-07-21T10:00:00+05:30,2026-08-18T10:00:00+05:30
prp_fbe61379,itn_f61dc9f3,usr_1ef037a0,add,,poi,poi_e607799f,Add: Ridge Lookout,,900.00,INR,2026-08-03T10:00:00+05:30,expired,2026-08-10T10:00:00+05:30,2026-08-18T10:00:00+05:30
prp_8fde4c49,itn_8c955314,usr_9474016b,reschedule,itm_3836f907,poi,poi_aa397bd7,"Reschedule: Jazz Cellar, Panaji",The forecast is bad that afternoon.,-1200.00,INR,2026-08-19T10:00:00+05:30,accepted,2026-07-24T10:00:00+05:30,2026-08-18T10:00:00+05:30
prp_c412c110,itn_aaaeabcd,usr_157e58e7,reschedule,itm_a8463d96,poi,poi_886b5e19,Reschedule: Chhatri Complex,"Opens at six, so it works before the train.",-505.20,THB,2026-08-02T10:00:00+05:30,open,2026-07-26T10:00:00+05:30,2026-08-18T10:00:00+05:30
prp_992d01ac,itn_85c1ab20,usr_5b790166,remove,itm_64dd5f54,poi,poi_7bd45bdd,Remove: Fishermen's Cove,Two of us have already seen the original.,-1200.00,INR,2026-08-20T10:00:00+05:30,rejected,2026-07-12T10:00:00+05:30,2026-08-18T10:00:00+05:30
prp_c2047f7b,itn_f3ae7449,usr_157e58e7,add,,poi,poi_60c9ded0,Add: Lucknow Bird Sanctuary,The forecast is bad that afternoon.,0.00,INR,2026-08-04T10:00:00+05:30,expired,2026-07-15T10:00:00+05:30,2026-08-18T10:00:00+05:30
prp_5693749c,itn_2222e724,usr_0ecee4ac,reschedule,itm_2068b73f,poi,poi_18c77529,Reschedule: Botanical Gardens,,-400.00,INR,2026-08-13T10:00:00+05:30,open,2026-07-28T10:00:00+05:30,2026-08-18T10:00:00+05:30
prp_1c261142,itn_5d4a4726,usr_225fd2f9,remove,itm_6078792d,poi,poi_dcc40577,Remove: Hot Springs,"Opens at six, so it works before the train.",350.00,INR,2026-08-08T10:00:00+05:30,rejected,2026-07-17T10:00:00+05:30,2026-08-18T10:00:00+05:30
prp_8ccf5aec,itn_a073ccb1,usr_f13873e9,remove,itm_f9ac319e,poi,poi_d158bf55,Remove: Leh Bird Sanctuary,The forecast is bad that afternoon.,2400.00,INR,2026-07-30T10:00:00+05:30,expired,2026-08-12T10:00:00+05:30,2026-08-18T10:00:00+05:30
prp_eb10faa0,itn_a0693837,usr_b8779399,add,,poi,poi_f9454648,Add: Ayurveda Centre,,39.69,AED,2026-08-04T10:00:00+05:30,rejected,2026-07-12T10:00:00+05:30,2026-08-18T10:00:00+05:30
prp_25971899,itn_ebe1af54,usr_49c29e32,add,,poi,poi_a1337353,Add: Rooftop Live Music,,-400.00,INR,2026-07-30T10:00:00+05:30,rejected,2026-07-23T10:00:00+05:30,2026-08-18T10:00:00+05:30
prp_940fc987,itn_3b6e95fc,usr_8317ab30,replace,itm_9a9dc220,poi,poi_c8feccee,Replace: Ridge Lookout,Two of us have already seen the original.,-400.00,INR,2026-08-08T10:00:00+05:30,open,2026-08-08T10:00:00+05:30,2026-08-18T10:00:00+05:30
prp_49993eed,itn_3457f8f4,usr_22d1a7e5,reschedule,itm_2713f82e,poi,poi_5bfdc682,Reschedule: Kochi Lake,,2400.00,INR,2026-08-24T10:00:00+05:30,expired,2026-07-30T10:00:00+05:30,2026-08-18T10:00:00+05:30
prp_a374ae64,itn_ee374fd7,usr_ee5c9717,reschedule,itm_40a48efd,poi,poi_0ca3ad9b,"Reschedule: Jazz Cellar, Ooty",Two of us have already seen the original.,2400.00,INR,2026-08-26T10:00:00+05:30,accepted,2026-08-08T10:00:00+05:30,2026-08-18T10:00:00+05:30
prp_dc6864ff,itn_a7064065,usr_9c898903,remove,itm_91133c0f,poi,poi_858d379c,Remove: Puppet Museum,,-400.00,INR,2026-08-13T10:00:00+05:30,open,2026-07-15T10:00:00+05:30,2026-08-18T10:00:00+05:30
prp_e1b9be38,itn_579e36a3,usr_a015811e,reschedule,itm_1b51e21b,poi,poi_98d86477,Reschedule: Hot Springs,Two of us have already seen the original.,3195.00,LKR,2026-08-14T10:00:00+05:30,open,2026-08-11T10:00:00+05:30,2026-08-18T10:00:00+05:30
prp_f8693a18,itn_49e6ac5d,usr_3f50fbcb,add,,poi,poi_a42d04ae,Add: Riverside Lounge,,350.00,INR,2026-08-26T10:00:00+05:30,expired,2026-07-31T10:00:00+05:30,2026-08-18T10:00:00+05:30
prp_cebadac8,itn_2fb80ad4,usr_c94b68cc,add,,poi,poi_453bdf21,Add: Yoga Shala,Cheaper and closer to where we are staying that morning.,-400.00,INR,2026-08-20T10:00:00+05:30,open,2026-07-13T10:00:00+05:30,2026-08-18T10:00:00+05:30
prp_aba0fd64,itn_a39345d5,usr_36284ca0,remove,itm_a3753c1b,poi,poi_44db3209,Remove: Mysuru Observatory,,900.00,INR,2026-08-10T10:00:00+05:30,accepted,2026-08-09T10:00:00+05:30,2026-08-18T10:00:00+05:30
prp_392ad701,itn_de3a268c,usr_76ac5087,add,,poi,poi_4014708e,Add: Yoga Shala,The forecast is bad that afternoon.,350.00,INR,2026-08-11T10:00:00+05:30,open,2026-08-03T10:00:00+05:30,2026-08-18T10:00:00+05:30
prp_f3f27250,itn_c83a66e3,usr_db93de1b,replace,itm_1ae6664d,poi,poi_a94aa23b,Replace: Quiet Bay,"Opens at six, so it works before the train.",-640.00,NPR,2026-08-11T10:00:00+05:30,rejected,2026-08-15T10:00:00+05:30,2026-08-18T10:00:00+05:30
prp_24fe95b6,itn_0ca874e7,usr_aebfb5b6,remove,itm_8c8de22d,poi,poi_9418fe97,Remove: Gokarna Bird Sanctuary,"Opens at six, so it works before the train.",900.00,INR,2026-08-11T10:00:00+05:30,open,2026-07-25T10:00:00+05:30,2026-08-18T10:00:00+05:30
prp_848e4457,itn_f24b77cd,usr_78bb2d82,remove,itm_10d64924,poi,poi_12199456,Remove: Yoga Shala,,-1200.00,INR,2026-08-27T10:00:00+05:30,open,2026-07-29T10:00:00+05:30,2026-08-18T10:00:00+05:30
prp_f92c6676,itn_896d88e7,usr_e2490a9e,remove,itm_f8fc04de,poi,poi_05550f9c,Remove: Night Food Bazaar,,-1200.00,INR,2026-08-24T10:00:00+05:30,open,2026-08-14T10:00:00+05:30,2026-08-18T10:00:00+05:30
prp_1e499ce7,itn_ed932242,usr_01d12bc2,remove,itm_98cb87f6,poi,poi_65bb95f4,Remove: Riverside Lounge,"Opens at six, so it works before the train.",8520.00,LKR,2026-08-24T10:00:00+05:30,accepted,2026-08-13T10:00:00+05:30,2026-08-18T10:00:00+05:30
prp_a6277b8e,itn_9e7e0841,usr_e076a69d,remove,itm_ebea4d5e,poi,poi_5ff5c84a,Remove: Fishermen's Cove,Cheaper and closer to where we are staying that morning.,-400.00,INR,2026-07-30T10:00:00+05:30,accepted,2026-08-12T10:00:00+05:30,2026-08-18T10:00:00+05:30
prp_25565624,itn_ccfec9b1,usr_ee5c9717,add,,poi,poi_b342c8f0,Add: Varanasi Street Food Lane,"Opens at six, so it works before the train.",-400.00,INR,2026-08-19T10:00:00+05:30,open,2026-07-22T10:00:00+05:30,2026-08-18T10:00:00+05:30
prp_44f28cb2,itn_24487d0c,usr_5f22c672,replace,itm_82dcbe2e,poi,poi_ee54e1e8,"Replace: Gallery of Modern Art, Visakhapatnam",The forecast is bad that afternoon.,-505.20,THB,2026-08-26T10:00:00+05:30,open,2026-08-12T10:00:00+05:30,2026-08-18T10:00:00+05:30
prp_4ec08699,itn_1cb75808,usr_0e3a6945,reschedule,itm_89bd8210,poi,poi_6b45f5d8,Reschedule: Rock Garden,Two of us have already seen the original.,-400.00,INR,2026-07-29T10:00:00+05:30,expired,2026-07-31T10:00:00+05:30,2026-08-18T10:00:00+05:30
prp_937522ce,itn_b7ebfae3,usr_b831f448,add,,poi,poi_ac798552,Add: Quiet Bay,,350.00,INR,2026-08-06T10:00:00+05:30,open,2026-07-30T10:00:00+05:30,2026-08-18T10:00:00+05:30
prp_43e8922b,itn_4ce6da77,usr_540d307a,remove,itm_8401128b,poi,poi_8ea44859,Remove: Hot Springs,Two of us have already seen the original.,-1920.00,NPR,2026-08-24T10:00:00+05:30,rejected,2026-07-21T10:00:00+05:30,2026-08-18T10:00:00+05:30
prp_ae2921be,itn_cc254c17,usr_b9d5e7c6,reschedule,itm_3ec476d8,poi,poi_3f6cade0,Reschedule: Hot Springs,Cheaper and closer to where we are staying that morning.,105.84,AED,2026-07-30T10:00:00+05:30,rejected,2026-07-15T10:00:00+05:30,2026-08-18T10:00:00+05:30
prp_25340057,itn_06832e77,usr_aaf1c470,remove,itm_a7eb77de,poi,poi_3f1371cd,Remove: Jain Temple Complex,Cheaper and closer to where we are staying that morning.,64.75,MVR,2026-08-11T10:00:00+05:30,open,2026-07-29T10:00:00+05:30,2026-08-18T10:00:00+05:30
prp_1c70af45,itn_7138369b,usr_21700d8e,add,,poi,poi_4392116d,Add: Rock Climbing Wall,Two of us have already seen the original.,350.00,INR,2026-08-07T10:00:00+05:30,expired,2026-07-21T10:00:00+05:30,2026-08-18T10:00:00+05:30
prp_d5436308,itn_a64055dc,usr_40edb5af,remove,itm_c55561f4,poi,poi_aeffb89e,Remove: Ayurveda Centre,,0.00,INR,2026-08-02T10:00:00+05:30,expired,2026-08-16T10:00:00+05:30,2026-08-18T10:00:00+05:30
prp_e670601c,itn_77f3f092,usr_ee57ec9a,add,,poi,poi_76a11c20,Add: Cycling Loop,The forecast is bad that afternoon.,350.00,INR,2026-08-25T10:00:00+05:30,expired,2026-07-26T10:00:00+05:30,2026-08-18T10:00:00+05:30
prp_506be15b,itn_ad5aaeb1,usr_35d340e3,add,,poi,poi_9d9e5117,Add: Sunset Point,Cheaper and closer to where we are staying that morning.,-1200.00,INR,2026-08-04T10:00:00+05:30,expired,2026-08-15T10:00:00+05:30,2026-08-18T10:00:00+05:30
prp_0b7c3f95,itn_52259dcf,usr_f23dc3eb,remove,itm_753a8aed,poi,poi_1c1c550c,Remove: Fishermen's Cove,,2400.00,INR,2026-08-09T10:00:00+05:30,open,2026-07-11T10:00:00+05:30,2026-08-18T10:00:00+05:30
prp_d8fc1d5f,itn_1ba926a0,usr_c535ee88,add,,poi,poi_cfe191ae,Add: Royal Cenotaphs,,2400.00,INR,2026-08-20T10:00:00+05:30,open,2026-08-10T10:00:00+05:30,2026-08-18T10:00:00+05:30
prp_f5aae4fa,itn_a0cf56b2,usr_e1f3dfbc,remove,itm_bbc0107d,poi,poi_1e04227a,"Remove: Jazz Cellar, Aurangabad",Cheaper and closer to where we are staying that morning.,-52.44,QAR,2026-08-18T10:00:00+05:30,open,2026-08-17T10:00:00+05:30,2026-08-18T10:00:00+05:30
prp_4ce7670c,itn_99102388,usr_2433031a,remove,itm_f9915eaf,poi,poi_9f4c8d7a,Remove: Textile Museum,"Opens at six, so it works before the train.",-19.32,SGD,2026-08-17T10:00:00+05:30,expired,2026-07-15T10:00:00+05:30,2026-08-18T10:00:00+05:30
prp_da52fddd,itn_97ede86b,usr_0dc99bd5,add,,poi,poi_d94e1880,Add: Backwater Channel,,-400.00,INR,2026-08-14T10:00:00+05:30,accepted,2026-07-25T10:00:00+05:30,2026-08-18T10:00:00+05:30
prp_8aef52c4,itn_6dd611aa,usr_13fe39d3,reschedule,itm_77c77d3e,poi,poi_90b70970,Reschedule: Watchtower Terrace,,-1200.00,INR,2026-08-24T10:00:00+05:30,open,2026-07-28T10:00:00+05:30,2026-08-18T10:00:00+05:30
prp_1bfef418,itn_eccd4e62,usr_701b0010,add,,poi,poi_a1b45daa,Add: Cliff Walk,"Opens at six, so it works before the train.",-400.00,INR,2026-08-16T10:00:00+05:30,open,2026-08-06T10:00:00+05:30,2026-08-18T10:00:00+05:30
prp_bacb93d0,itn_f802f024,usr_4794174d,add,,poi,poi_a2c46b6b,Add: Coffee Roastery Tour,Two of us have already seen the original.,-1200.00,INR,2026-08-18T10:00:00+05:30,open,2026-08-04T10:00:00+05:30,2026-08-18T10:00:00+05:30
prp_662aeb06,itn_a4f05dcb,usr_ae377360,replace,itm_5fd3049d,poi,poi_8c370a2f,Replace: Rock Garden,,-1200.00,INR,2026-08-01T10:00:00+05:30,open,2026-07-29T10:00:00+05:30,2026-08-18T10:00:00+05:30
prp_b8295b8c,itn_f835c40e,usr_6e3b5c10,reschedule,itm_fc3c3b86,poi,poi_6e34d5eb,Reschedule: Chhatri Complex,,1440.00,NPR,2026-07-29T10:00:00+05:30,rejected,2026-08-11T10:00:00+05:30,2026-08-18T10:00:00+05:30
prp_b4de7d46,itn_8e88b3a4,usr_991a1e29,replace,itm_a4a569ed,poi,poi_dd011b96,Replace: Spice Market Walk,"Opens at six, so it works before the train.",-1200.00,INR,2026-08-21T10:00:00+05:30,expired,2026-08-17T10:00:00+05:30,2026-08-18T10:00:00+05:30
prp_1cafe02d,itn_fa1f2ad4,usr_633c636b,reschedule,itm_f5f8e775,poi,poi_98e87396,Reschedule: Chennai Stepwell,The forecast is bad that afternoon.,350.00,INR,2026-08-03T10:00:00+05:30,accepted,2026-07-10T10:00:00+05:30,2026-08-18T10:00:00+05:30
prp_732f74a0,itn_38a8e1dc,usr_d981bf20,remove,itm_cf13d029,poi,poi_003678b5,Remove: Spice Market Walk,,-1200.00,INR,2026-08-22T10:00:00+05:30,open,2026-07-24T10:00:00+05:30,2026-08-18T10:00:00+05:30
prp_dfd0b516,itn_0a0b92ff,usr_0c1ce238,remove,itm_9e4f5067,poi,poi_ddafcd82,Remove: Hilltop Shrine,Cheaper and closer to where we are staying that morning.,0.00,INR,2026-08-12T10:00:00+05:30,rejected,2026-08-11T10:00:00+05:30,2026-08-18T10:00:00+05:30
prp_cffe1a8b,itn_32e9fed2,usr_7e72b295,remove,itm_18cdb556,poi,poi_a1e5f2e6,Remove: Yoga Shala,,-640.00,NPR,2026-08-05T10:00:00+05:30,rejected,2026-08-17T10:00:00+05:30,2026-08-18T10:00:00+05:30
prp_1c1d205f,itn_961e6880,usr_57890fbe,remove,itm_59c885f9,poi,poi_e4f4e3ee,Remove: City Walls Walk,Two of us have already seen the original.,-400.00,INR,2026-08-20T10:00:00+05:30,rejected,2026-08-07T10:00:00+05:30,2026-08-18T10:00:00+05:30
prp_2659f7df,itn_59fccaad,usr_a7185e16,reschedule,itm_ab27bfd0,poi,poi_48787ec6,Reschedule: Zipline Point,Two of us have already seen the original.,-1200.00,INR,2026-08-23T10:00:00+05:30,rejected,2026-07-28T10:00:00+05:30,2026-08-18T10:00:00+05:30
prp_ab0c0326,itn_9cfc00c5,usr_bedf358a,add,,poi,poi_1f6b3fea,Add: Varanasi Viewpoint,,-1200.00,INR,2026-08-25T10:00:00+05:30,open,2026-08-09T10:00:00+05:30,2026-08-18T10:00:00+05:30
prp_10281ed5,itn_912aebbe,usr_2a2841d1,remove,itm_5142581c,poi,poi_d668c5ae,Remove: Cycling Loop,Two of us have already seen the original.,350.00,INR,2026-08-24T10:00:00+05:30,open,2026-08-16T10:00:00+05:30,2026-08-18T10:00:00+05:30
prp_397d154a,itn_1c5082da,usr_7101a5b5,add,,poi,poi_4b6fd669,Add: Fishermen's Cove,,-1200.00,INR,2026-08-07T10:00:00+05:30,open,2026-08-09T10:00:00+05:30,2026-08-18T10:00:00+05:30
prp_a4fa8927,itn_fd0b885c,usr_07f03d4c,reschedule,itm_2b577814,poi,poi_ba79f08d,Reschedule: Great Mosque of Shillong,Two of us have already seen the original.,0.00,INR,2026-08-04T10:00:00+05:30,rejected,2026-08-09T10:00:00+05:30,2026-08-18T10:00:00+05:30
prp_69fd12c3,itn_0c9453c6,usr_6feac3d4,reschedule,itm_3bc20017,poi,poi_03e96e6b,Reschedule: Backwater Channel,"Opens at six, so it works before the train.",2400.00,INR,2026-08-09T10:00:00+05:30,accepted,2026-08-07T10:00:00+05:30,2026-08-18T10:00:00+05:30
prp_2def65e3,itn_fb74b021,usr_79248234,reschedule,itm_27d0f1f1,poi,poi_e5f3caea,"Reschedule: Old Palace, Kandy",,2400.00,INR,2026-08-09T10:00:00+05:30,expired,2026-08-01T10:00:00+05:30,2026-08-18T10:00:00+05:30
prp_3f99ede5,itn_ea5632e6,usr_e5415ac7,reschedule,itm_5796ab66,poi,poi_d668c5ae,Reschedule: Cycling Loop,,0.00,INR,2026-08-18T10:00:00+05:30,open,2026-07-21T10:00:00+05:30,2026-08-18T10:00:00+05:30
prp_c581cd7e,itn_b715e7f1,usr_cea18c83,reschedule,itm_203aa32f,poi,poi_671bd504,Reschedule: Kayaking at Aurangabad,The forecast is bad that afternoon.,-400.00,INR,2026-08-25T10:00:00+05:30,open,2026-08-08T10:00:00+05:30,2026-08-18T10:00:00+05:30
prp_91ce254d,itn_c1e6e101,usr_9cb9eedc,add,,poi,poi_e68abae6,Add: Jaipur Bazaar,Two of us have already seen the original.,0.00,CHF,2026-08-18T10:00:00+05:30,expired,2026-07-17T10:00:00+05:30,2026-08-18T10:00:00+05:30
prp_9a6c080d,itn_17cb23d8,usr_693c20b9,reschedule,itm_9c053449,poi,poi_bcc733aa,Reschedule: North Beach,The forecast is bad that afternoon.,1010.40,THB,2026-08-27T10:00:00+05:30,accepted,2026-08-01T10:00:00+05:30,2026-08-18T10:00:00+05:30
prp_39ec0825,itn_656b674a,usr_12f95c97,replace,itm_88bc9798,poi,poi_6e34d5eb,Replace: Chhatri Complex,"Opens at six, so it works before the train.",900.00,INR,2026-08-23T10:00:00+05:30,open,2026-07-23T10:00:00+05:30,2026-08-18T10:00:00+05:30
prp_a440fb3a,itn_bd12e442,usr_6b052f91,add,,poi,poi_93c2898a,Add: Night Food Bazaar,The forecast is bad that afternoon.,350.00,INR,2026-08-18T10:00:00+05:30,open,2026-08-16T10:00:00+05:30,2026-08-18T10:00:00+05:30
prp_dd6f72cb,itn_446deb9d,usr_36c3dbed,add,,poi,poi_72bc15f6,Add: Water Palace,Cheaper and closer to where we are staying that morning.,900.00,INR,2026-08-08T10:00:00+05:30,rejected,2026-07-16T10:00:00+05:30,2026-08-18T10:00:00+05:30
prp_1c07f049,itn_107081a7,usr_72d88a70,replace,itm_a28952ac,poi,poi_f9130509,Replace: Bali Bazaar,"Opens at six, so it works before the train.",2400.00,INR,2026-08-18T10:00:00+05:30,open,2026-07-27T10:00:00+05:30,2026-08-18T10:00:00+05:30
prp_877fe0b1,itn_ce86d6b2,usr_671138ff,replace,itm_7861ebce,poi,poi_813f1ef8,"Replace: Jazz Cellar, Gangtok",Cheaper and closer to where we are staying that morning.,900.00,INR,2026-08-27T10:00:00+05:30,expired,2026-08-10T10:00:00+05:30,2026-08-18T10:00:00+05:30
prp_fed65d1e,itn_47767831,usr_ede8042e,add,,poi,poi_fb892134,Add: Cycling Loop,Two of us have already seen the original.,2400.00,INR,2026-07-31T10:00:00+05:30,expired,2026-07-17T10:00:00+05:30,2026-08-18T10:00:00+05:30
prp_1775f243,itn_639774f6,usr_51983e08,add,,poi,poi_28daaace,Add: Night Food Bazaar,,350.00,INR,2026-08-15T10:00:00+05:30,expired,2026-08-15T10:00:00+05:30,2026-08-18T10:00:00+05:30
prp_9f4d0ba6,itn_168b47f9,usr_ca6dc019,replace,itm_643c4e85,poi,poi_71db86db,Replace: Ayurveda Centre,The forecast is bad that afternoon.,900.00,INR,2026-08-10T10:00:00+05:30,expired,2026-07-21T10:00:00+05:30,2026-08-18T10:00:00+05:30
prp_43dbef8b,itn_2457fe9c,usr_5f3244b4,add,,poi,poi_822c8d40,Add: Riverside Lounge,"Opens at six, so it works before the train.",15.44,AED,2026-08-20T10:00:00+05:30,rejected,2026-08-17T10:00:00+05:30,2026-08-18T10:00:00+05:30
prp_ec82a7a0,itn_6bdb7d47,usr_b0226153,replace,itm_ec3d0e2c,poi,poi_88685566,Replace: Colombo Bird Sanctuary,"Opens at six, so it works before the train.",0.00,INR,2026-08-22T10:00:00+05:30,accepted,2026-07-13T10:00:00+05:30,2026-08-18T10:00:00+05:30
prp_126c998f,itn_7642b7d2,usr_b86dd891,add,,poi,poi_e5aee907,Add: Ridge Lookout,Two of us have already seen the original.,350.00,INR,2026-08-07T10:00:00+05:30,expired,2026-08-14T10:00:00+05:30,2026-08-18T10:00:00+05:30
prp_8c232d5d,itn_730fa631,usr_5bfe40e4,remove,itm_83e79f6d,poi,poi_eafd4622,Remove: Ayurveda Centre,Two of us have already seen the original.,2400.00,INR,2026-08-08T10:00:00+05:30,rejected,2026-07-31T10:00:00+05:30,2026-08-18T10:00:00+05:30
prp_81e75ca8,itn_284c3538,usr_d312cbff,add,,poi,poi_98ccdcef,Add: Kayaking at Gokarna,Cheaper and closer to where we are staying that morning.,2400.00,INR,2026-08-21T10:00:00+05:30,expired,2026-07-12T10:00:00+05:30,2026-08-18T10:00:00+05:30
prp_e1f8669f,itn_c7f5560a,usr_07f03d4c,add,,poi,poi_204e9388,Add: Cliff Walk,,2400.00,INR,2026-08-25T10:00:00+05:30,expired,2026-07-22T10:00:00+05:30,2026-08-18T10:00:00+05:30
prp_ae0067fe,itn_037189d9,usr_50bcfb30,reschedule,itm_e836cf7a,poi,poi_d5409022,"Reschedule: St Mary's Church, Nainital","Opens at six, so it works before the train.",0.00,INR,2026-08-17T10:00:00+05:30,expired,2026-07-11T10:00:00+05:30,2026-08-18T10:00:00+05:30
prp_28634043,itn_9a42fa31,usr_afaebefa,add,,poi,poi_493eac5b,"Add: St Mary's Church, Kandy",Two of us have already seen the original.,-400.00,INR,2026-08-12T10:00:00+05:30,open,2026-08-08T10:00:00+05:30,2026-08-18T10:00:00+05:30
prp_5b62b61d,itn_a7fae9db,usr_ef2f6a43,replace,itm_e8152444,poi,poi_0e67fddb,Replace: Butterfly Reserve,Two of us have already seen the original.,-400.00,INR,2026-08-27T10:00:00+05:30,open,2026-07-22T10:00:00+05:30,2026-08-18T10:00:00+05:30
prp_b67a1abe,itn_7126b3ab,usr_7f6d27fe,add,,poi,poi_f10b95a4,Add: Butterfly Reserve,The forecast is bad that afternoon.,-1200.00,INR,2026-07-29T10:00:00+05:30,rejected,2026-08-06T10:00:00+05:30,2026-08-18T10:00:00+05:30
prp_5d63f02f,itn_5a754929,usr_aef2d4f6,remove,itm_c6f00fbb,poi,poi_8778cdc9,Remove: North Beach,Two of us have already seen the original.,0.00,INR,2026-08-27T10:00:00+05:30,rejected,2026-07-24T10:00:00+05:30,2026-08-18T10:00:00+05:30
prp_cca23294,itn_5bd1f573,usr_02b3a36d,add,,poi,poi_7266e8b1,Add: Watchtower Terrace,Cheaper and closer to where we are staying that morning.,-1200.00,INR,2026-08-20T10:00:00+05:30,rejected,2026-08-03T10:00:00+05:30,2026-08-18T10:00:00+05:30
prp_8a410106,itn_c8f7c91d,usr_4012e3f7,remove,itm_088d543f,poi,poi_bb9e4ca5,Remove: Cooking Class at Old Town,,-400.00,INR,2026-08-03T10:00:00+05:30,rejected,2026-08-17T10:00:00+05:30,2026-08-18T10:00:00+05:30
prp_c2cfb18f,itn_0db0893c,usr_05fc06c6,replace,itm_7fb2c2a0,poi,poi_f6726145,Replace: Pune Observatory,Two of us have already seen the original.,-1200.00,INR,2026-08-16T10:00:00+05:30,rejected,2026-08-04T10:00:00+05:30,2026-08-18T10:00:00+05:30
prp_3200bf81,itn_7ae3e428,usr_b27d9336,remove,itm_9be7ce3f,poi,poi_690e8c3f,"Remove: Gallery of Modern Art, Udaipur",The forecast is bad that afternoon.,900.00,INR,2026-08-23T10:00:00+05:30,open,2026-07-23T10:00:00+05:30,2026-08-18T10:00:00+05:30
prp_c4b0af76,itn_82166ca0,usr_508f15f0,reschedule,itm_c52a6f04,poi,poi_bc82e986,Reschedule: Kathmandu Viewpoint,"Opens at six, so it works before the train.",-17.64,AED,2026-07-29T10:00:00+05:30,rejected,2026-07-11T10:00:00+05:30,2026-08-18T10:00:00+05:30
prp_2e216752,itn_b02a0f22,usr_e6dcafe4,remove,itm_3d913cad,poi,poi_a4f7cc8b,Remove: Quiet Bay,"Opens at six, so it works before the train.",-1200.00,INR,2026-08-10T10:00:00+05:30,accepted,2026-08-15T10:00:00+05:30,2026-08-18T10:00:00+05:30
prp_855e9211,itn_a734e688,usr_2da5bb04,replace,itm_3f1f4ca6,poi,poi_d68e7f7a,Replace: Quiet Bay,Cheaper and closer to where we are staying that morning.,0.00,JPY,2026-08-22T10:00:00+05:30,rejected,2026-08-05T10:00:00+05:30,2026-08-18T10:00:00+05:30
prp_db7e223d,itn_70619162,usr_20ea4b19,add,,poi,poi_90b70970,Add: Watchtower Terrace,Two of us have already seen the original.,-400.00,INR,2026-08-21T10:00:00+05:30,open,2026-07-27T10:00:00+05:30,2026-08-18T10:00:00+05:30
prp_bf32c78a,itn_a68922ae,usr_61710d50,reschedule,itm_eb7ce056,poi,poi_9a9d7e0e,Reschedule: City Walls Walk,"Opens at six, so it works before the train.",14.49,SGD,2026-08-10T10:00:00+05:30,rejected,2026-08-01T10:00:00+05:30,2026-08-18T10:00:00+05:30
prp_4b89b805,itn_ed3c670e,usr_356f993d,remove,itm_fd4386aa,poi,poi_6e8951e7,Remove: Textile Museum,"Opens at six, so it works before the train.",0.00,INR,2026-08-17T10:00:00+05:30,rejected,2026-08-10T10:00:00+05:30,2026-08-18T10:00:00+05:30
prp_794475ce,itn_c49c528c,usr_80a41666,remove,itm_1f779a43,poi,poi_277d6ca8,Remove: Kuala Lumpur Bazaar,Two of us have already seen the original.,350.00,INR,2026-08-26T10:00:00+05:30,rejected,2026-07-30T10:00:00+05:30,2026-08-18T10:00:00+05:30
prp_a283f528,itn_2ddbf515,usr_98ca8444,reschedule,itm_b6a691d2,poi,poi_c8a30b2b,Reschedule: Riverside Ghats,Cheaper and closer to where we are staying that morning.,0.00,INR,2026-08-15T10:00:00+05:30,open,2026-07-13T10:00:00+05:30,2026-08-18T10:00:00+05:30
prp_b42c7fb9,itn_6d38e158,usr_45175b03,replace,itm_7a3073ab,poi,poi_d0aa4cac,Replace: Watchtower Terrace,Cheaper and closer to where we are staying that morning.,2400.00,INR,2026-08-11T10:00:00+05:30,open,2026-07-21T10:00:00+05:30,2026-08-18T10:00:00+05:30
prp_006f97ae,itn_981276ea,usr_bbd1ced8,add,,poi,poi_691b9d78,Add: Kayaking at Zurich,The forecast is bad that afternoon.,350.00,INR,2026-08-05T10:00:00+05:30,open,2026-08-09T10:00:00+05:30,2026-08-18T10:00:00+05:30
prp_8480b8f0,itn_d2575128,usr_a9e888d0,reschedule,itm_ca6c8893,poi,poi_b9b35115,Reschedule: Paragliding Launch,Cheaper and closer to where we are staying that morning.,0.00,MVR,2026-08-14T10:00:00+05:30,open,2026-07-15T10:00:00+05:30,2026-08-18T10:00:00+05:30
prp_92494237,itn_d254bc79,usr_47d7ab5a,reschedule,itm_ff121a71,poi,poi_2254e322,Reschedule: Spice Market Walk,"Opens at six, so it works before the train.",-12.60,CHF,2026-08-14T10:00:00+05:30,expired,2026-07-16T10:00:00+05:30,2026-08-18T10:00:00+05:30
prp_b1f64a2a,itn_c4480014,usr_0e9166f0,reschedule,itm_25b74094,poi,poi_4c0e8968,Reschedule: Hot Air Balloon Field,,0.00,INR,2026-08-12T10:00:00+05:30,expired,2026-08-16T10:00:00+05:30,2026-08-18T10:00:00+05:30
prp_fed0eff7,itn_ace8b39f,usr_172e9767,replace,itm_e7514d4e,poi,poi_4c87ddee,Replace: Antique Lane,Two of us have already seen the original.,2400.00,INR,2026-08-24T10:00:00+05:30,rejected,2026-07-13T10:00:00+05:30,2026-08-18T10:00:00+05:30
prp_a3780785,itn_7cd8db2d,usr_2182a4d3,add,,poi,poi_ae95e1be,Add: Hot Springs,"Opens at six, so it works before the train.",900.00,INR,2026-08-24T10:00:00+05:30,rejected,2026-08-04T10:00:00+05:30,2026-08-18T10:00:00+05:30
prp_fc58c269,itn_440e1f0d,usr_c94b68cc,remove,itm_d1695005,poi,poi_65054389,Remove: Lighthouse Beach,"Opens at six, so it works before the train.",350.00,INR,2026-07-30T10:00:00+05:30,expired,2026-08-14T10:00:00+05:30,2026-08-18T10:00:00+05:30
prp_a6af81c4,itn_a30f3ad8,usr_5e4aa2d9,remove,itm_0b51bd88,poi,poi_666004ed,Remove: Rock Climbing Wall,Cheaper and closer to where we are staying that morning.,0.00,INR,2026-08-04T10:00:00+05:30,open,2026-08-03T10:00:00+05:30,2026-08-18T10:00:00+05:30
prp_5f934f07,itn_6dcf0f97,usr_edf2bbfa,reschedule,itm_5bd5c700,poi,poi_58124e0f,Reschedule: Textile Museum,Cheaper and closer to where we are staying that morning.,350.00,INR,2026-08-25T10:00:00+05:30,rejected,2026-07-23T10:00:00+05:30,2026-08-18T10:00:00+05:30
prp_a9c05ff2,itn_5845a2f4,usr_71852a92,replace,itm_6b5df4c3,poi,poi_65054389,Replace: Lighthouse Beach,"Opens at six, so it works before the train.",0.00,INR,2026-07-30T10:00:00+05:30,expired,2026-08-12T10:00:00+05:30,2026-08-18T10:00:00+05:30
prp_8d4a44fd,itn_50ec69af,usr_fa851b11,add,,poi,poi_faf99e79,Add: North Beach,,637.00,JPY,2026-08-09T10:00:00+05:30,accepted,2026-07-10T10:00:00+05:30,2026-08-18T10:00:00+05:30
prp_d7f1d679,itn_2430ad18,usr_5f5edf0f,reschedule,itm_c710fd52,poi,poi_a7aaf961,Reschedule: Butterfly Reserve,"Opens at six, so it works before the train.",350.00,INR,2026-07-31T10:00:00+05:30,accepted,2026-08-14T10:00:00+05:30,2026-08-18T10:00:00+05:30
prp_45ec5348,itn_e186eccf,usr_d3acd59c,remove,itm_7a99fc80,poi,poi_ee0bae13,Remove: Jain Temple Complex,The forecast is bad that afternoon.,2400.00,INR,2026-08-22T10:00:00+05:30,expired,2026-07-12T10:00:00+05:30,2026-08-18T10:00:00+05:30
prp_f86d75af,itn_3ba58320,usr_fedbd227,replace,itm_29af62b7,poi,poi_78cfd33b,Replace: Spice Market Walk,,-19.32,SGD,2026-08-02T10:00:00+05:30,open,2026-07-20T10:00:00+05:30,2026-08-18T10:00:00+05:30
prp_e885c1ca,itn_e937b578,usr_2e849b83,add,,poi,poi_935b4fdb,Add: Elephant Camp,The forecast is bad that afternoon.,-1200.00,INR,2026-08-07T10:00:00+05:30,accepted,2026-08-15T10:00:00+05:30,2026-08-18T10:00:00+05:30
prp_56b2be64,itn_37ba8659,usr_05306731,remove,itm_4a11ad88,poi,poi_6db4edc9,Remove: Blue Pottery Workshop,,900.00,INR,2026-08-21T10:00:00+05:30,open,2026-07-19T10:00:00+05:30,2026-08-18T10:00:00+05:30
prp_1e65b105,itn_69384096,usr_de0e4344,replace,itm_38f63db9,poi,poi_9f8da737,Replace: Hot Springs,Cheaper and closer to where we are staying that morning.,900.00,INR,2026-08-27T10:00:00+05:30,expired,2026-08-17T10:00:00+05:30,2026-08-18T10:00:00+05:30
prp_28bca45f,itn_ce1b90a3,usr_bc9d20fa,reschedule,itm_8aa15bbf,poi,poi_11e2b165,Reschedule: Hot Springs,Two of us have already seen the original.,0.00,INR,2026-08-19T10:00:00+05:30,rejected,2026-07-14T10:00:00+05:30,2026-08-18T10:00:00+05:30
prp_28bc0efd,itn_3830295d,usr_e21b6644,add,,poi,poi_36527647,Add: Rooftop Live Music,Cheaper and closer to where we are staying that morning.,0.00,INR,2026-08-05T10:00:00+05:30,open,2026-08-04T10:00:00+05:30,2026-08-18T10:00:00+05:30
prp_06254c76,itn_93d128f1,usr_8b3ba681,reschedule,itm_eca19feb,poi,poi_72043b54,Reschedule: City Walls Walk,Cheaper and closer to where we are staying that morning.,900.00,INR,2026-08-26T10:00:00+05:30,rejected,2026-07-16T10:00:00+05:30,2026-08-18T10:00:00+05:30
prp_1565caa4,itn_04ee9581,usr_3495d8ed,add,,poi,poi_49b7b32e,Add: Kayaking at Kochi,Two of us have already seen the original.,900.00,INR,2026-08-05T10:00:00+05:30,rejected,2026-07-11T10:00:00+05:30,2026-08-18T10:00:00+05:30
prp_c1ca0b81,itn_bb8ca529,usr_1ef037a0,replace,itm_44b4364f,poi,poi_7d154e6e,"Replace: Gallery of Modern Art, Mumbai",,-1920.00,NPR,2026-07-29T10:00:00+05:30,open,2026-07-14T10:00:00+05:30,2026-08-18T10:00:00+05:30
prp_4f31896d,itn_c6215f9f,usr_9db3efff,remove,itm_13c863c8,poi,poi_7f6561ec,Remove: Jaipur Bazaar,Cheaper and closer to where we are staying that morning.,68250.00,IDR,2026-08-14T10:00:00+05:30,open,2026-08-15T10:00:00+05:30,2026-08-18T10:00:00+05:30
prp_f05bb784,itn_6c928f45,usr_35d340e3,reschedule,itm_b2def492,poi,poi_584276b6,Reschedule: Nainital Temple,"Opens at six, so it works before the train.",175500.00,IDR,2026-08-19T10:00:00+05:30,open,2026-07-13T10:00:00+05:30,2026-08-18T10:00:00+05:30
prp_d5db1cd1,itn_4eec699c,usr_78afc45f,replace,itm_5dcb7a01,poi,poi_41745331,Replace: Mumbai Temple,,-400.00,INR,2026-08-03T10:00:00+05:30,expired,2026-07-23T10:00:00+05:30,2026-08-18T10:00:00+05:30
prp_0b40ae23,itn_595c4bfc,usr_6c3fae7b,remove,itm_5aba0993,poi,poi_2ddbef11,Remove: Tea Estate Trail,,0.00,INR,2026-08-17T10:00:00+05:30,accepted,2026-07-24T10:00:00+05:30,2026-08-18T10:00:00+05:30
prp_e652837e,itn_4dc58042,usr_5bbebfef,add,,poi,poi_c21309f4,Add: Sunset Point,,560.00,NPR,2026-08-13T10:00:00+05:30,accepted,2026-08-17T10:00:00+05:30,2026-08-18T10:00:00+05:30
prp_6ed7fa9d,itn_4f5236c5,usr_7fa0a9c6,add,,poi,poi_eef7f325,Add: Rooftop Live Music,Two of us have already seen the original.,468000.00,IDR,2026-08-14T10:00:00+05:30,open,2026-08-04T10:00:00+05:30,2026-08-18T10:00:00+05:30
prp_4736ac70,itn_5045021f,usr_5d24ab68,remove,itm_4ab24c97,poi,poi_aef75f2a,Remove: Rooftop Live Music,,-400.00,INR,2026-08-15T10:00:00+05:30,open,2026-08-05T10:00:00+05:30,2026-08-18T10:00:00+05:30
prp_c8b93052,itn_629d1e79,usr_d1c73fb8,reschedule,itm_c0825549,poi,poi_faf99e79,Reschedule: North Beach,Cheaper and closer to where we are staying that morning.,900.00,INR,2026-08-25T10:00:00+05:30,rejected,2026-07-12T10:00:00+05:30,2026-08-18T10:00:00+05:30
prp_a8d4af25,itn_69c37a2b,usr_6bf6f0c2,add,,poi,poi_46ade188,Add: Maritime Museum,,0.00,INR,2026-08-11T10:00:00+05:30,accepted,2026-07-26T10:00:00+05:30,2026-08-18T10:00:00+05:30
prp_a080f1b7,itn_d193d75c,usr_22e61dad,reschedule,itm_3a2948da,poi,poi_6d8ec0be,Reschedule: Ayurveda Centre,Two of us have already seen the original.,900.00,INR,2026-08-24T10:00:00+05:30,accepted,2026-08-02T10:00:00+05:30,2026-08-18T10:00:00+05:30
prp_e307796e,itn_da43465b,usr_ae35e63d,reschedule,itm_54b9dfb7,poi,poi_b6e36b7d,Reschedule: Watchtower Terrace,Two of us have already seen the original.,-400.00,INR,2026-08-25T10:00:00+05:30,rejected,2026-07-15T10:00:00+05:30,2026-08-18T10:00:00+05:30
prp_556782d3,itn_a88afdee,usr_065fbc7f,add,,poi,poi_ee9f14ca,Add: Crocodile Park,The forecast is bad that afternoon.,900.00,INR,2026-08-15T10:00:00+05:30,accepted,2026-07-27T10:00:00+05:30,2026-08-18T10:00:00+05:30
prp_680bf270,itn_c08c070b,usr_492b38ba,reschedule,itm_e51ce6cc,poi,poi_63cd6ccb,Reschedule: Ayurveda Centre,"Opens at six, so it works before the train.",-400.00,INR,2026-08-14T10:00:00+05:30,accepted,2026-08-12T10:00:00+05:30,2026-08-18T10:00:00+05:30
prp_33d730e6,itn_b346a997,usr_9738df4b,replace,itm_d7339571,poi,poi_7d81053b,Replace: Maritime Museum,The forecast is bad that afternoon.,-1200.00,INR,2026-08-07T10:00:00+05:30,accepted,2026-07-22T10:00:00+05:30,2026-08-18T10:00:00+05:30
prp_898b6972,itn_2c21d62f,usr_81ed406f,replace,itm_1b0afc68,poi,poi_d158bf55,Replace: Leh Bird Sanctuary,The forecast is bad that afternoon.,147.35,THB,2026-08-19T10:00:00+05:30,expired,2026-08-13T10:00:00+05:30,2026-08-18T10:00:00+05:30
prp_b6a44052,itn_73027987,usr_cb3be250,replace,itm_83bf2bd1,poi,poi_fec61450,Replace: Jain Temple Complex,,-400.00,BTN,2026-08-20T10:00:00+05:30,rejected,2026-07-26T10:00:00+05:30,2026-08-18T10:00:00+05:30
prp_b0a58296,itn_7eeb931b,usr_7b4006b0,replace,itm_12e67062,poi,poi_e4abebbd,"Replace: Jazz Cellar, Jodhpur",Two of us have already seen the original.,2400.00,INR,2026-08-22T10:00:00+05:30,open,2026-07-20T10:00:00+05:30,2026-08-18T10:00:00+05:30
prp_f1e10c13,itn_b57b0ea1,usr_6498a0a8,add,,poi,poi_08ddfd62,Add: Watchtower Terrace,Two of us have already seen the original.,2400.00,INR,2026-08-02T10:00:00+05:30,expired,2026-08-07T10:00:00+05:30,2026-08-18T10:00:00+05:30
prp_9ac8fe9b,itn_42158737,usr_268fdb85,add,,poi,poi_ba79f08d,Add: Great Mosque of Shillong,The forecast is bad that afternoon.,0.00,INR,2026-08-21T10:00:00+05:30,open,2026-08-01T10:00:00+05:30,2026-08-18T10:00:00+05:30
prp_be6fe96f,itn_c554ffea,usr_1bd9093b,add,,poi,poi_c409f08b,Add: Butterfly Reserve,Cheaper and closer to where we are staying that morning.,0.00,INR,2026-07-29T10:00:00+05:30,expired,2026-08-02T10:00:00+05:30,2026-08-18T10:00:00+05:30
prp_16e0326c,itn_d3cf0d4f,usr_fd9d50a7,add,,poi,poi_2ddbef11,Add: Tea Estate Trail,"Opens at six, so it works before the train.",-400.00,INR,2026-07-29T10:00:00+05:30,rejected,2026-07-22T10:00:00+05:30,2026-08-18T10:00:00+05:30
prp_0b99abcc,itn_07c3bf53,usr_fd8f7b49,add,,poi,poi_0fa49039,Add: Hot Springs,Cheaper and closer to where we are staying that morning.,350.00,INR,2026-08-22T10:00:00+05:30,expired,2026-08-06T10:00:00+05:30,2026-08-18T10:00:00+05:30
prp_77cf5452,itn_f9902e84,usr_893bfbd9,add,,poi,poi_ff07508e,Add: Handloom Cooperative,"Opens at six, so it works before the train.",15.30,QAR,2026-08-22T10:00:00+05:30,expired,2026-07-23T10:00:00+05:30,2026-08-18T10:00:00+05:30
prp_ae7849b8,itn_c3f03f62,usr_79248234,remove,itm_c169d3d8,poi,poi_671bd504,Remove: Kayaking at Aurangabad,,-1200.00,INR,2026-08-15T10:00:00+05:30,open,2026-08-03T10:00:00+05:30,2026-08-18T10:00:00+05:30
prp_76f310cb,itn_1b3b3a2a,usr_6361ffdd,add,,poi,poi_ee45a4c9,Add: North Beach,,105.84,AED,2026-08-06T10:00:00+05:30,rejected,2026-07-30T10:00:00+05:30,2026-08-18T10:00:00+05:30
prp_3a0ba250,itn_405eacc5,usr_40edb5af,replace,itm_38674216,poi,poi_6a46e565,Replace: North Beach,Cheaper and closer to where we are staying that morning.,-1200.00,INR,2026-08-11T10:00:00+05:30,open,2026-07-23T10:00:00+05:30,2026-08-18T10:00:00+05:30
prp_e8cec911,itn_8864af49,usr_5307f01f,remove,itm_1f828b1c,poi,poi_efe6c1a0,Remove: Tea Estate Trail,Cheaper and closer to where we are staying that morning.,900.00,INR,2026-08-19T10:00:00+05:30,rejected,2026-07-31T10:00:00+05:30,2026-08-18T10:00:00+05:30
prp_68368ebc,itn_af3c4cb8,usr_d7bc2e8d,add,,poi,poi_0aa7daf7,Add: Hilltop Shrine,Cheaper and closer to where we are staying that morning.,0.00,MVR,2026-08-27T10:00:00+05:30,rejected,2026-07-16T10:00:00+05:30,2026-08-18T10:00:00+05:30
prp_d5765c85,itn_8a7eee4e,usr_4d83499f,remove,itm_14f02d8e,poi,poi_5252b3dc,Remove: Coffee Roastery Tour,,-1200.00,INR,2026-08-06T10:00:00+05:30,expired,2026-07-15T10:00:00+05:30,2026-08-18T10:00:00+05:30
prp_4140a7e7,itn_0282a4a3,usr_bac1ae76,add,,poi,poi_19ef3aca,Add: Great Mosque of Lucknow,Two of us have already seen the original.,350.00,INR,2026-08-06T10:00:00+05:30,expired,2026-07-30T10:00:00+05:30,2026-08-18T10:00:00+05:30
prp_6044ad3e,itn_ec76756e,usr_d3acd59c,add,,poi,poi_ff07508e,Add: Handloom Cooperative,,-1200.00,INR,2026-07-30T10:00:00+05:30,expired,2026-07-12T10:00:00+05:30,2026-08-18T10:00:00+05:30
prp_0ececf3f,itn_a6262c9f,usr_0021edc6,remove,itm_58d25c96,poi,poi_b97083bd,Remove: Textile Museum,,350.00,INR,2026-08-18T10:00:00+05:30,open,2026-07-30T10:00:00+05:30,2026-08-18T10:00:00+05:30
prp_2ad10911,itn_721f890f,usr_cb3be250,add,,poi,poi_ba424444,Add: Royal Cenotaphs,,350.00,INR,2026-08-03T10:00:00+05:30,accepted,2026-07-11T10:00:00+05:30,2026-08-18T10:00:00+05:30
prp_4b076353,itn_7ebf6e90,usr_0389057b,remove,itm_66c20f8d,poi,poi_b76d6bf5,Remove: Riverside Ghats,,-1200.00,INR,2026-08-01T10:00:00+05:30,rejected,2026-07-14T10:00:00+05:30,2026-08-18T10:00:00+05:30
prp_7ae2382b,itn_6f752443,usr_7a1346e6,add,,poi,poi_c3285efc,Add: Butterfly Reserve,"Opens at six, so it works before the train.",-1200.00,INR,2026-08-18T10:00:00+05:30,rejected,2026-07-11T10:00:00+05:30,2026-08-18T10:00:00+05:30
prp_5dd1bb30,itn_1d6f9722,usr_8eb4e3e7,add,,poi,poi_36344a67,Add: Night Food Bazaar,Cheaper and closer to where we are staying that morning.,900.00,INR,2026-08-21T10:00:00+05:30,open,2026-07-16T10:00:00+05:30,2026-08-18T10:00:00+05:30
prp_653e72ab,itn_27915333,usr_72d88a70,reschedule,itm_c9520b13,poi,poi_0419848e,Reschedule: Cooking Class at Old Town,Cheaper and closer to where we are staying that morning.,900.00,INR,2026-08-18T10:00:00+05:30,open,2026-07-30T10:00:00+05:30,2026-08-18T10:00:00+05:30
prp_62176990,itn_35492b22,usr_e95757cb,add,,poi,poi_9c0a82f7,Add: Paragliding Launch,Cheaper and closer to where we are staying that morning.,0.00,INR,2026-08-11T10:00:00+05:30,accepted,2026-07-20T10:00:00+05:30,2026-08-18T10:00:00+05:30
prp_308fdda9,itn_8510d4c4,usr_6043ede2,remove,itm_17f88435,poi,poi_f2c367a7,Remove: Cliff Walk,,0.00,INR,2026-07-31T10:00:00+05:30,open,2026-08-04T10:00:00+05:30,2026-08-18T10:00:00+05:30
prp_96528d2a,itn_43be7289,usr_76c235d5,add,,poi,poi_cbc7b76a,Add: Hot Springs,,350.00,INR,2026-08-08T10:00:00+05:30,expired,2026-07-10T10:00:00+05:30,2026-08-18T10:00:00+05:30
prp_6242d51a,itn_fa32a085,usr_13d8f6bd,replace,itm_a60d6165,poi,poi_6da0c869,Replace: Blue Pottery Workshop,Two of us have already seen the original.,0.00,INR,2026-08-05T10:00:00+05:30,expired,2026-08-01T10:00:00+05:30,2026-08-18T10:00:00+05:30
prp_3b2bdd43,itn_492b65ee,usr_506012f1,add,,poi,poi_07f7299f,Add: Butterfly Reserve,"Opens at six, so it works before the train.",-400.00,INR,2026-08-24T10:00:00+05:30,rejected,2026-07-29T10:00:00+05:30,2026-08-18T10:00:00+05:30
prp_d3c8e014,itn_1bdd9c00,usr_520d9624,replace,itm_41055b62,poi,poi_f9454648,Replace: Ayurveda Centre,Two of us have already seen the original.,-400.00,INR,2026-07-30T10:00:00+05:30,accepted,2026-07-30T10:00:00+05:30,2026-08-18T10:00:00+05:30
prp_4e759e4f,itn_aad1300c,usr_942658c9,add,,poi,poi_b342c8f0,Add: Varanasi Street Food Lane,"Opens at six, so it works before the train.",350.00,INR,2026-08-06T10:00:00+05:30,rejected,2026-08-15T10:00:00+05:30,2026-08-18T10:00:00+05:30
prp_9e15c570,itn_e2338da4,usr_60c3a39a,reschedule,itm_2ee06dc3,poi,poi_6a0f0d6b,Reschedule: Ridge Lookout,The forecast is bad that afternoon.,-1200.00,INR,2026-08-27T10:00:00+05:30,open,2026-08-02T10:00:00+05:30,2026-08-18T10:00:00+05:30
prp_a20d5ca6,itn_d5705104,usr_abeaa148,replace,itm_873a7bb7,poi,poi_a03d90a4,Replace: Quiet Bay,Two of us have already seen the original.,38.64,SGD,2026-08-22T10:00:00+05:30,rejected,2026-07-24T10:00:00+05:30,2026-08-18T10:00:00+05:30
prp_139067e8,itn_f28ca5bf,usr_b021d103,add,,poi,poi_72bc15f6,Add: Water Palace,,350.00,INR,2026-08-12T10:00:00+05:30,open,2026-07-19T10:00:00+05:30,2026-08-18T10:00:00+05:30
prp_3cc163a3,itn_1530916c,usr_72dfb712,replace,itm_06567b76,poi,poi_a2b2ebb4,"Replace: Jazz Cellar, Amritsar","Opens at six, so it works before the train.",2400.00,INR,2026-08-05T10:00:00+05:30,expired,2026-08-16T10:00:00+05:30,2026-08-18T10:00:00+05:30
prp_41d8f5c7,itn_3d12ed87,usr_de458aa5,replace,itm_36a2613c,poi,poi_5e69bc20,Replace: Handloom Cooperative,The forecast is bad that afternoon.,0.00,INR,2026-08-06T10:00:00+05:30,open,2026-08-03T10:00:00+05:30,2026-08-18T10:00:00+05:30
prp_7398b831,itn_27981f52,usr_52257a0a,replace,itm_a639cfcf,poi,poi_e5aee907,Replace: Ridge Lookout,,350.00,INR,2026-08-13T10:00:00+05:30,accepted,2026-07-17T10:00:00+05:30,2026-08-18T10:00:00+05:30
prp_423b50bc,itn_34806800,usr_fa3a9dd6,reschedule,itm_04db73ac,poi,poi_f161b897,Reschedule: Riverside Lounge,Two of us have already seen the original.,0.00,INR,2026-08-10T10:00:00+05:30,accepted,2026-08-16T10:00:00+05:30,2026-08-18T10:00:00+05:30
prp_beb2be02,itn_d8a4d37f,usr_55b114d5,replace,itm_442bc764,poi,poi_9bd455da,Replace: Yoga Shala,Cheaper and closer to where we are staying that morning.,900.00,INR,2026-08-23T10:00:00+05:30,open,2026-08-07T10:00:00+05:30,2026-08-18T10:00:00+05:30
prp_a7d9b1ef,itn_0b0eea9c,usr_62a77a41,add,,poi,poi_fc2fe936,Add: Hilltop Shrine,Cheaper and closer to where we are staying that morning.,350.00,INR,2026-08-05T10:00:00+05:30,rejected,2026-08-14T10:00:00+05:30,2026-08-18T10:00:00+05:30
prp_0435cb3f,itn_ba322289,usr_6479c45c,replace,itm_d2ea52cb,poi,poi_e78bfaee,Replace: Fishermen's Cove,Cheaper and closer to where we are staying that morning.,350.00,INR,2026-08-24T10:00:00+05:30,accepted,2026-07-24T10:00:00+05:30,2026-08-18T10:00:00+05:30
prp_2e319f58,itn_cbbdb701,usr_3190040f,add,,poi,poi_79d812fe,Add: Blue Pottery Workshop,Cheaper and closer to where we are staying that morning.,350.00,INR,2026-08-16T10:00:00+05:30,accepted,2026-07-18T10:00:00+05:30,2026-08-18T10:00:00+05:30
prp_78c3d787,itn_4316da01,usr_373b76a9,add,,poi,poi_455fd66d,Add: Riverside Ghats,"Opens at six, so it works before the train.",-1200.00,INR,2026-07-30T10:00:00+05:30,open,2026-07-17T10:00:00+05:30,2026-08-18T10:00:00+05:30
prp_4ca2b587,itn_8f6a72d8,usr_85c09ee4,add,,poi,poi_0fa49039,Add: Hot Springs,The forecast is bad that afternoon.,350.00,INR,2026-08-21T10:00:00+05:30,expired,2026-07-23T10:00:00+05:30,2026-08-18T10:00:00+05:30
prp_1f3b73df,itn_2de94997,usr_1af66a73,add,,poi,poi_ea89965b,Add: Quiet Bay,,900.00,INR,2026-08-25T10:00:00+05:30,rejected,2026-07-28T10:00:00+05:30,2026-08-18T10:00:00+05:30
prp_db7b0ac5,itn_5c15acd2,usr_76046cf3,add,,poi,poi_ac776f7b,Add: Cycling Loop,"Opens at six, so it works before the train.",350.00,INR,2026-08-12T10:00:00+05:30,open,2026-07-19T10:00:00+05:30,2026-08-18T10:00:00+05:30
prp_05ea0635,itn_1018089f,usr_e459a18c,add,,poi,poi_ef77702c,Add: Alleppey Bazaar,"Opens at six, so it works before the train.",350.00,INR,2026-08-04T10:00:00+05:30,accepted,2026-07-14T10:00:00+05:30,2026-08-18T10:00:00+05:30
prp_3b30f541,itn_ffc2c7f3,usr_d32b1be5,add,,poi,poi_a3563f3f,Add: Ridge Lookout,The forecast is bad that afternoon.,-400.00,INR,2026-08-05T10:00:00+05:30,expired,2026-08-09T10:00:00+05:30,2026-08-18T10:00:00+05:30
prp_2c5b12e8,itn_3c2ac8b9,usr_e5b92b52,reschedule,itm_cb3c865b,poi,poi_d158bf55,Reschedule: Leh Bird Sanctuary,,-400.00,INR,2026-07-30T10:00:00+05:30,rejected,2026-07-14T10:00:00+05:30,2026-08-18T10:00:00+05:30
prp_7118c014,itn_9a9fc11a,usr_e1cd7b02,add,,poi,poi_d10153d7,Add: Hot Springs,,2400.00,INR,2026-07-30T10:00:00+05:30,open,2026-07-25T10:00:00+05:30,2026-08-18T10:00:00+05:30
prp_8b3a1619,itn_da23ddbe,usr_9d32306d,reschedule,itm_3e199537,poi,poi_c3cf2431,Reschedule: Royal Cenotaphs,,350.00,INR,2026-08-27T10:00:00+05:30,open,2026-08-01T10:00:00+05:30,2026-08-18T10:00:00+05:30
prp_c15acbe9,itn_acc53645,usr_e1d938d9,remove,itm_451946da,poi,poi_b68d9ac4,Remove: North Beach,"Opens at six, so it works before the train.",-1200.00,INR,2026-08-19T10:00:00+05:30,expired,2026-07-20T10:00:00+05:30,2026-08-18T10:00:00+05:30
prp_4d9e48d0,itn_7b57f928,usr_0af476d1,remove,itm_e1f7d7ed,poi,poi_98d86477,Remove: Hot Springs,Two of us have already seen the original.,2400.00,INR,2026-08-22T10:00:00+05:30,rejected,2026-08-01T10:00:00+05:30,2026-08-18T10:00:00+05:30
prp_6e13e1d6,itn_f23cf6a9,usr_5de9da21,add,,poi,poi_41810a53,Add: Hilltop Shrine,"Opens at six, so it works before the train.",-4260.00,LKR,2026-08-08T10:00:00+05:30,open,2026-07-26T10:00:00+05:30,2026-08-18T10:00:00+05:30
prp_db55932b,itn_a2e795e4,usr_bc8d5d3b,reschedule,itm_456cebf3,poi,poi_671bd504,Reschedule: Kayaking at Aurangabad,"Opens at six, so it works before the train.",900.00,INR,2026-08-23T10:00:00+05:30,expired,2026-08-15T10:00:00+05:30,2026-08-18T10:00:00+05:30
prp_a73d8877,itn_3940162c,usr_72796feb,reschedule,itm_31f9f067,poi,poi_670d2abe,Reschedule: Ayurveda Centre,Cheaper and closer to where we are staying that morning.,0.00,INR,2026-08-27T10:00:00+05:30,accepted,2026-07-11T10:00:00+05:30,2026-08-18T10:00:00+05:30
prp_c6f9500b,itn_21432ab8,usr_f12ab863,reschedule,itm_96e141c4,poi,poi_ac798552,Reschedule: Quiet Bay,,39.69,AED,2026-08-16T10:00:00+05:30,open,2026-07-13T10:00:00+05:30,2026-08-18T10:00:00+05:30
prp_ed46ddb0,itn_539dc7fd,usr_cb3be250,add,,poi,poi_3ce3c3f2,Add: Antique Lane,The forecast is bad that afternoon.,-400.00,INR,2026-08-13T10:00:00+05:30,expired,2026-07-17T10:00:00+05:30,2026-08-18T10:00:00+05:30
prp_4f24653c,itn_60fade9a,usr_2e562f89,add,,poi,poi_7266e8b1,Add: Watchtower Terrace,Two of us have already seen the original.,2400.00,INR,2026-08-27T10:00:00+05:30,expired,2026-07-18T10:00:00+05:30,2026-08-18T10:00:00+05:30
prp_9ce815da,itn_c9ce0aa5,usr_c010ce3c,add,,poi,poi_f069d484,Add: Rooftop Live Music,Two of us have already seen the original.,0.00,INR,2026-08-13T10:00:00+05:30,rejected,2026-07-30T10:00:00+05:30,2026-08-18T10:00:00+05:30
prp_74f3898a,itn_e9e9bac2,usr_fe54affe,remove,itm_9d08c7de,poi,poi_f069d484,Remove: Rooftop Live Music,"Opens at six, so it works before the train.",-168.40,THB,2026-08-11T10:00:00+05:30,expired,2026-07-18T10:00:00+05:30,2026-08-18T10:00:00+05:30
prp_feec53d5,itn_3d6b3431,usr_d1c73fb8,remove,itm_ab5eac04,poi,poi_26fca860,Remove: Tea Estate Trail,"Opens at six, so it works before the train.",2400.00,INR,2026-08-19T10:00:00+05:30,rejected,2026-07-29T10:00:00+05:30,2026-08-18T10:00:00+05:30
prp_f0d23094,itn_22f71d89,usr_fc8fd348,reschedule,itm_13ffaac2,poi,poi_c07155aa,Reschedule: Bengaluru Bird Sanctuary,Cheaper and closer to where we are staying that morning.,2400.00,INR,2026-08-18T10:00:00+05:30,accepted,2026-07-23T10:00:00+05:30,2026-08-18T10:00:00+05:30
prp_3b5da1bc,itn_f2e815ac,usr_d032c2ca,replace,itm_63c8933e,poi,poi_99d11758,Replace: Hot Springs,Cheaper and closer to where we are staying that morning.,900.00,INR,2026-08-12T10:00:00+05:30,open,2026-08-14T10:00:00+05:30,2026-08-18T10:00:00+05:30
prp_46a7a0be,itn_3707cd51,usr_ae35e63d,reschedule,itm_5741d123,poi,poi_886b5e19,Reschedule: Chhatri Complex,The forecast is bad that afternoon.,900.00,INR,2026-07-29T10:00:00+05:30,accepted,2026-07-26T10:00:00+05:30,2026-08-18T10:00:00+05:30
prp_062aa305,itn_d0b178bc,usr_62b3f8b8,add,,poi,poi_01f1e4a6,Add: Museum of Coins,"Opens at six, so it works before the train.",0.00,INR,2026-08-25T10:00:00+05:30,accepted,2026-08-12T10:00:00+05:30,2026-08-18T10:00:00+05:30
prp_9053f99b,itn_427ee9e7,usr_5dec704e,remove,itm_8b6ebc46,poi,poi_35d011e8,Remove: Botanical Gardens,The forecast is bad that afternoon.,-400.00,INR,2026-07-30T10:00:00+05:30,rejected,2026-08-04T10:00:00+05:30,2026-08-18T10:00:00+05:30
prp_ffbf968f,itn_e1cba118,usr_3d56531d,add,,poi,poi_d668c5ae,Add: Cycling Loop,Two of us have already seen the original.,-1200.00,INR,2026-08-11T10:00:00+05:30,accepted,2026-08-11T10:00:00+05:30,2026-08-18T10:00:00+05:30
prp_f43c16a1,itn_9e2fadf1,usr_2136e1fa,remove,itm_d17ce78f,poi,poi_7bf0ffd4,Remove: Watchtower Terrace,"Opens at six, so it works before the train.",-52.92,AED,2026-08-10T10:00:00+05:30,open,2026-08-01T10:00:00+05:30,2026-08-18T10:00:00+05:30
prp_5e3d58d6,itn_1bbe8d5e,usr_6e3b5c10,add,,poi,poi_39f134c5,Add: Zipline Point,Cheaper and closer to where we are staying that morning.,900.00,INR,2026-08-06T10:00:00+05:30,accepted,2026-08-11T10:00:00+05:30,2026-08-18T10:00:00+05:30
prp_3755dcb1,itn_906a171c,usr_58d2b52f,reschedule,itm_8e12facc,poi,poi_9af6a696,Reschedule: Male Lake,Two of us have already seen the original.,2400.00,INR,2026-08-01T10:00:00+05:30,accepted,2026-07-11T10:00:00+05:30,2026-08-18T10:00:00+05:30
prp_4c20f056,itn_74736901,usr_aefdae86,reschedule,itm_35d894da,poi,poi_d2d9d668,Reschedule: Crocodile Park,The forecast is bad that afternoon.,-1200.00,INR,2026-08-22T10:00:00+05:30,rejected,2026-08-02T10:00:00+05:30,2026-08-18T10:00:00+05:30
prp_58f6beca,itn_0f5ab070,usr_8e226071,reschedule,itm_06f3103d,poi,poi_277d6ca8,Reschedule: Kuala Lumpur Bazaar,Two of us have already seen the original.,0.00,INR,2026-08-05T10:00:00+05:30,accepted,2026-08-15T10:00:00+05:30,2026-08-18T10:00:00+05:30
prp_d3e34be8,itn_9c480daf,usr_68f38693,reschedule,itm_e3f77ffe,poi,poi_566ecbdf,Reschedule: Ridge Lookout,Two of us have already seen the original.,-1200.00,INR,2026-08-05T10:00:00+05:30,accepted,2026-07-31T10:00:00+05:30,2026-08-18T10:00:00+05:30
prp_d1a7eda5,itn_0e3177ff,usr_50bced56,remove,itm_73a2071f,poi,poi_9096d3f8,Remove: Elephant Camp,"Opens at six, so it works before the train.",0.00,INR,2026-07-29T10:00:00+05:30,accepted,2026-07-15T10:00:00+05:30,2026-08-18T10:00:00+05:30
prp_6afe7425,itn_d92af403,usr_ef2f6a43,add,,poi,poi_1fcbd044,"Add: Old Palace, Kyoto",The forecast is bad that afternoon.,-400.00,INR,2026-08-12T10:00:00+05:30,accepted,2026-08-10T10:00:00+05:30,2026-08-18T10:00:00+05:30
prp_e1fb8f32,itn_91204091,usr_65b43f7e,reschedule,itm_3ab42039,poi,poi_e5100a66,Reschedule: Coffee Roastery Tour,Cheaper and closer to where we are staying that morning.,-21.48,MYR,2026-08-01T10:00:00+05:30,expired,2026-07-15T10:00:00+05:30,2026-08-18T10:00:00+05:30
prp_6f2493e6,itn_edbe6b7c,usr_228f37bd,reschedule,itm_181cbfc1,poi,poi_3f6cade0,Reschedule: Hot Springs,Two of us have already seen the original.,350.00,INR,2026-08-09T10:00:00+05:30,accepted,2026-08-01T10:00:00+05:30,2026-08-18T10:00:00+05:30
prp_d79abe4b,itn_7683b20d,usr_d20b2a69,replace,itm_efd3dd87,poi,poi_02a01ef8,Replace: Paragliding Launch,,0.00,SGD,2026-08-12T10:00:00+05:30,open,2026-07-18T10:00:00+05:30,2026-08-18T10:00:00+05:30
prp_c6f8de6f,itn_78af7140,usr_cf6d7fc2,add,,poi,poi_a94aa23b,Add: Quiet Bay,,2400.00,INR,2026-08-22T10:00:00+05:30,expired,2026-07-10T10:00:00+05:30,2026-08-18T10:00:00+05:30
prp_f9672db9,itn_a1aff0ac,usr_bedf358a,add,,poi,poi_80512660,Add: Butterfly Reserve,,350.00,INR,2026-08-16T10:00:00+05:30,open,2026-07-29T10:00:00+05:30,2026-08-18T10:00:00+05:30
prp_5ec3e258,itn_f34f8ea2,usr_c221a5aa,add,,poi,poi_98ccdcef,Add: Kayaking at Gokarna,The forecast is bad that afternoon.,-1920.00,NPR,2026-08-03T10:00:00+05:30,accepted,2026-08-01T10:00:00+05:30,2026-08-18T10:00:00+05:30
prp_5fe64b31,itn_99427d44,usr_ce38459a,add,,poi,poi_09642bc5,Add: Lighthouse Beach,Cheaper and closer to where we are staying that morning.,-400.00,INR,2026-08-27T10:00:00+05:30,rejected,2026-07-18T10:00:00+05:30,2026-08-18T10:00:00+05:30
prp_70f25210,itn_24cd1b89,usr_842437da,remove,itm_1fa93d0e,poi,poi_c21309f4,Remove: Sunset Point,,2400.00,INR,2026-08-02T10:00:00+05:30,rejected,2026-08-13T10:00:00+05:30,2026-08-18T10:00:00+05:30
prp_e38ed083,itn_e45d5bdc,usr_949a215d,add,,poi,poi_b52743ff,Add: Elephant Camp,Two of us have already seen the original.,2400.00,INR,2026-08-09T10:00:00+05:30,accepted,2026-07-22T10:00:00+05:30,2026-08-18T10:00:00+05:30
prp_23f5097a,itn_75dc4f6b,usr_f96768fc,add,,poi,poi_4fae986a,Add: City Walls Walk,Two of us have already seen the original.,0.00,INR,2026-07-29T10:00:00+05:30,open,2026-08-07T10:00:00+05:30,2026-08-18T10:00:00+05:30
prp_6060ce91,itn_40758440,usr_bc4a9809,add,,poi,poi_64085486,Add: Hot Springs,,350.00,INR,2026-08-19T10:00:00+05:30,accepted,2026-07-25T10:00:00+05:30,2026-08-18T10:00:00+05:30
prp_0c1a80be,itn_9360706d,usr_a7185e16,add,,poi,poi_7b4e4d8d,Add: Jodhpur Bird Sanctuary,"Opens at six, so it works before the train.",0.00,INR,2026-08-02T10:00:00+05:30,accepted,2026-07-14T10:00:00+05:30,2026-08-18T10:00:00+05:30
prp_c408aebf,itn_13b9cde9,usr_9e65154f,add,,poi,poi_0c5014db,Add: Lighthouse Beach,,2400.00,INR,2026-08-14T10:00:00+05:30,expired,2026-08-08T10:00:00+05:30,2026-08-18T10:00:00+05:30
prp_1ccc26eb,itn_dcade173,usr_7f26d855,add,,poi,poi_84400ff6,Add: Hot Springs,The forecast is bad that afternoon.,2400.00,INR,2026-08-19T10:00:00+05:30,open,2026-08-13T10:00:00+05:30,2026-08-18T10:00:00+05:30
prp_88d399c3,itn_b956b199,usr_7faf6134,add,,poi,poi_b72516ce,Add: Blue Pottery Workshop,Two of us have already seen the original.,-21.48,MYR,2026-07-29T10:00:00+05:30,expired,2026-07-27T10:00:00+05:30,2026-08-18T10:00:00+05:30
prp_2e6271d6,itn_145f993c,usr_24e54a31,add,,poi,poi_aeffb89e,Add: Ayurveda Centre,"Opens at six, so it works before the train.",0.00,INR,2026-08-20T10:00:00+05:30,expired,2026-07-16T10:00:00+05:30,2026-08-18T10:00:00+05:30
prp_293f073b,itn_0d28baa5,usr_9c3deed5,remove,itm_28ca4650,poi,poi_eb938fe9,Remove: Lighthouse Beach,,0.00,INR,2026-08-16T10:00:00+05:30,rejected,2026-07-29T10:00:00+05:30,2026-08-18T10:00:00+05:30
prp_55fb73c5,itn_0f4fe41a,usr_8f32fd7a,replace,itm_460539af,poi,poi_a0cb84df,Replace: Watchtower Terrace,"Opens at six, so it works before the train.",1242.50,LKR,2026-08-14T10:00:00+05:30,accepted,2026-08-14T10:00:00+05:30,2026-08-18T10:00:00+05:30
prp_304631f8,itn_7213dacf,usr_d6801dce,remove,itm_8edff300,poi,poi_63594b52,Remove: Water Palace,,-1200.00,INR,2026-08-04T10:00:00+05:30,accepted,2026-07-23T10:00:00+05:30,2026-08-18T10:00:00+05:30
prp_83b19f47,itn_e4494f25,usr_b50df034,add,,poi,poi_26fca860,Add: Tea Estate Trail,Cheaper and closer to where we are staying that morning.,2400.00,INR,2026-08-02T10:00:00+05:30,open,2026-07-13T10:00:00+05:30,2026-08-18T10:00:00+05:30
