vote_id,proposal_id,user_id,value,weight,comment,cast_at,updated_at
vot_3ba98d06,prp_305baa83,usr_dbcf6091,abstain,1,,2026-07-31T10:00:00+05:30,2026-08-18T10:00:00+05:30
vot_0f8dbdb4,prp_305baa83,usr_5d83e59a,yes,1.5,,2026-08-13T10:00:00+05:30,2026-08-18T10:00:00+05:30
vot_bfdf275a,prp_dbf8ae51,usr_e0853a17,no,1.5,,2026-08-05T10:00:00+05:30,2026-08-18T10:00:00+05:30
vot_3bfed619,prp_dbf8ae51,usr_428c2df2,yes,1,,2026-07-21T10:00:00+05:30,2026-08-18T10:00:00+05:30
vot_8908009e,prp_824e46ea,usr_2a348485,yes,1,Fine either way.,2026-07-23T10:00:00+05:30,2026-08-18T10:00:00+05:30
vot_e8415a3c,prp_824e46ea,usr_b86dd891,abstain,1,,2026-08-08T10:00:00+05:30,2026-08-18T10:00:00+05:30
vot_75394765,prp_98d84b75,usr_2fcc58dc,yes,1,,2026-08-14T10:00:00+05:30,2026-08-18T10:00:00+05:30
vot_11ed8bea,prp_98d84b75,usr_fa7951d2,abstain,1,Fine either way.,2026-07-29T10:00:00+05:30,2026-08-18T10:00:00+05:30
vot_bd0d6e7b,prp_98d84b75,usr_ea479c41,abstain,1,,2026-07-22T10:00:00+05:30,2026-08-18T10:00:00+05:30
vot_c34f2aac,prp_c8e37f83,usr_0a31df91,no,1.5,No — too far.,2026-07-26T10:00:00+05:30,2026-08-18T10:00:00+05:30
vot_054b6f4e,prp_c8e37f83,usr_f7512c22,yes,1,,2026-08-13T10:00:00+05:30,2026-08-18T10:00:00+05:30
vot_422b3e36,prp_da9e7f13,usr_c010ce3c,yes,1,Only if we skip the museum.,2026-08-04T10:00:00+05:30,2026-08-18T10:00:00+05:30
vot_e61a774b,prp_da9e7f13,usr_373b76a9,yes,1.5,Fine either way.,2026-08-10T10:00:00+05:30,2026-08-18T10:00:00+05:30
vot_b3da9047,prp_7c0b967d,usr_8317ab30,yes,1.5,Fine either way.,2026-08-10T10:00:00+05:30,2026-08-18T10:00:00+05:30
vot_c94b137b,prp_7c0b967d,usr_7cb81b2c,yes,1.5,,2026-08-02T10:00:00+05:30,2026-08-18T10:00:00+05:30
vot_0b0cca51,prp_7c0b967d,usr_2209582f,abstain,1,,2026-08-14T10:00:00+05:30,2026-08-18T10:00:00+05:30
vot_8591385a,prp_7c0b967d,usr_b831f448,abstain,1,Fine either way.,2026-08-04T10:00:00+05:30,2026-08-18T10:00:00+05:30
vot_03e2c479,prp_8bb23f39,usr_c25e06d9,no,1.5,,2026-08-04T10:00:00+05:30,2026-08-18T10:00:00+05:30
vot_aa37e245,prp_8bb23f39,usr_7edfea3c,no,1.5,,2026-07-29T10:00:00+05:30,2026-08-18T10:00:00+05:30
vot_0ebfd19e,prp_8bb23f39,usr_5307f01f,no,1.5,,2026-08-16T10:00:00+05:30,2026-08-18T10:00:00+05:30
vot_f110c3e7,prp_8bb23f39,usr_66a4a013,yes,1,,2026-07-25T10:00:00+05:30,2026-08-18T10:00:00+05:30
vot_0267bf3d,prp_c6377deb,usr_6ae6b723,yes,1.5,,2026-08-09T10:00:00+05:30,2026-08-18T10:00:00+05:30
vot_833d2a75,prp_c6377deb,usr_3d92578a,abstain,1,No — too far.,2026-08-10T10:00:00+05:30,2026-08-18T10:00:00+05:30
vot_74455003,prp_77298e76,usr_a386ca28,no,1,,2026-08-17T10:00:00+05:30,2026-08-18T10:00:00+05:30
vot_f89cca76,prp_77298e76,usr_bedf358a,abstain,1,Only if we skip the museum.,2026-07-21T10:00:00+05:30,2026-08-18T10:00:00+05:30
vot_51d45ba6,prp_1a1d886a,usr_dc032205,no,1,Fine either way.,2026-08-14T10:00:00+05:30,2026-08-18T10:00:00+05:30
vot_be7a8e85,prp_1a1d886a,usr_a9008871,no,1,,2026-08-15T10:00:00+05:30,2026-08-18T10:00:00+05:30
vot_a8177c0e,prp_d6083a59,usr_8e272905,no,1,,2026-07-28T10:00:00+05:30,2026-08-18T10:00:00+05:30
vot_b8976380,prp_d6083a59,usr_fd8f7b49,yes,1.5,,2026-08-12T10:00:00+05:30,2026-08-18T10:00:00+05:30
vot_8726913a,prp_d6083a59,usr_95bee04e,yes,1.5,No — too far.,2026-07-22T10:00:00+05:30,2026-08-18T10:00:00+05:30
vot_fb234484,prp_32d47e22,usr_b204c453,no,1,,2026-07-22T10:00:00+05:30,2026-08-18T10:00:00+05:30
vot_fbc41410,prp_32d47e22,usr_8e89346c,no,1,,2026-08-01T10:00:00+05:30,2026-08-18T10:00:00+05:30
vot_ba11ab07,prp_32d47e22,usr_e0440f90,no,1.5,Only if we skip the museum.,2026-08-15T10:00:00+05:30,2026-08-18T10:00:00+05:30
vot_67c717b1,prp_b3490015,usr_4022bd9b,yes,1,,2026-08-10T10:00:00+05:30,2026-08-18T10:00:00+05:30
vot_ad30344e,prp_b3490015,usr_a0588479,yes,1,,2026-08-04T10:00:00+05:30,2026-08-18T10:00:00+05:30
vot_e143338b,prp_c67bcdd1,usr_437596b5,abstain,1,,2026-07-23T10:00:00+05:30,2026-08-18T10:00:00+05:30
vot_9d312751,prp_c67bcdd1,usr_5f1e6e1c,no,1,,2026-08-05T10:00:00+05:30,2026-08-18T10:00:00+05:30
vot_8b592526,prp_c67bcdd1,usr_810e7b81,no,1,,2026-08-06T10:00:00+05:30,2026-08-18T10:00:00+05:30
vot_0b0e520d,prp_c67bcdd1,usr_596ee95d,yes,1,,2026-07-30T10:00:00+05:30,2026-08-18T10:00:00+05:30
vot_4700ce1f,prp_9ff13121,usr_1a6892bf,abstain,1,,2026-08-10T10:00:00+05:30,2026-08-18T10:00:00+05:30
vot_1c2a64a9,prp_9ff13121,usr_b1b8dc45,no,1,,2026-07-20T10:00:00+05:30,2026-08-18T10:00:00+05:30
vot_a258d656,prp_9ff13121,usr_96740172,yes,1,,2026-08-12T10:00:00+05:30,2026-08-18T10:00:00+05:30
vot_9bfd6007,prp_9ff13121,usr_08b8f8e9,yes,1.5,Fine either way.,2026-07-29T10:00:00+05:30,2026-08-18T10:00:00+05:30
vot_ae38cde9,prp_f4660efd,usr_651a4d17,no,1.5,No — too far.,2026-07-30T10:00:00+05:30,2026-08-18T10:00:00+05:30
vot_2a28eef4,prp_f4660efd,usr_6c522c49,no,1.5,,2026-08-12T10:00:00+05:30,2026-08-18T10:00:00+05:30
vot_c3ea5d5d,prp_f4660efd,usr_afacd025,yes,1,,2026-07-23T10:00:00+05:30,2026-08-18T10:00:00+05:30
vot_88e9cdb7,prp_f4660efd,usr_805d11a5,yes,1,,2026-08-01T10:00:00+05:30,2026-08-18T10:00:00+05:30
vot_d28841a9,prp_e7e91082,usr_04abf061,yes,1,,2026-08-13T10:00:00+05:30,2026-08-18T10:00:00+05:30
vot_0d9ba7e3,prp_e7e91082,usr_bbf1e497,no,1.5,,2026-08-09T10:00:00+05:30,2026-08-18T10:00:00+05:30
vot_90011ea4,prp_e7e91082,usr_b4b6a1a5,abstain,1.5,,2026-08-12T10:00:00+05:30,2026-08-18T10:00:00+05:30
vot_bdd73cb4,prp_e7e91082,usr_da5d7284,yes,1,,2026-07-30T10:00:00+05:30,2026-08-18T10:00:00+05:30
vot_125655c7,prp_af53747c,usr_8eb4e3e7,no,1.5,Only if we skip the museum.,2026-07-30T10:00:00+05:30,2026-08-18T10:00:00+05:30
vot_3b18b48a,prp_af53747c,usr_42dc4da4,no,1,,2026-08-14T10:00:00+05:30,2026-08-18T10:00:00+05:30
vot_847b0e6d,prp_fcf2312b,usr_e10845c8,yes,1,,2026-08-17T10:00:00+05:30,2026-08-18T10:00:00+05:30
vot_197cf4fa,prp_fcf2312b,usr_8a0aaa50,no,1,,2026-07-28T10:00:00+05:30,2026-08-18T10:00:00+05:30
vot_57339fa0,prp_fcf2312b,usr_3093604a,no,1,Fine either way.,2026-08-16T10:00:00+05:30,2026-08-18T10:00:00+05:30
vot_dffa192f,prp_592949dc,usr_0e9166f0,no,1,,2026-07-31T10:00:00+05:30,2026-08-18T10:00:00+05:30
vot_f7271f67,prp_592949dc,usr_5307f01f,no,1,,2026-08-14T10:00:00+05:30,2026-08-18T10:00:00+05:30
vot_6d12bfe0,prp_7de0a76f,usr_6c3fae7b,yes,1,,2026-07-28T10:00:00+05:30,2026-08-18T10:00:00+05:30
vot_c5e1cdce,prp_7de0a76f,usr_2740f754,no,1,,2026-07-21T10:00:00+05:30,2026-08-18T10:00:00+05:30
vot_9d98bd9a,prp_f4dc57a2,usr_2109396c,yes,1,,2026-08-13T10:00:00+05:30,2026-08-18T10:00:00+05:30
vot_4be730dd,prp_f4dc57a2,usr_aef2d4f6,yes,1.5,,2026-07-21T10:00:00+05:30,2026-08-18T10:00:00+05:30
vot_fea948ae,prp_14b31891,usr_1dc66e29,no,1,No — too far.,2026-08-16T10:00:00+05:30,2026-08-18T10:00:00+05:30
vot_bedd4719,prp_14b31891,usr_6e20f92e,no,1.5,No — too far.,2026-08-04T10:00:00+05:30,2026-08-18T10:00:00+05:30
vot_1d1e83be,prp_14b31891,usr_e4980687,no,1,Only if we skip the museum.,2026-07-23T10:00:00+05:30,2026-08-18T10:00:00+05:30
vot_66ebb997,prp_dcd3c878,usr_dcfab723,yes,1,,2026-08-16T10:00:00+05:30,2026-08-18T10:00:00+05:30
vot_46a758a5,prp_dcd3c878,usr_7fc93a76,abstain,1,,2026-08-08T10:00:00+05:30,2026-08-18T10:00:00+05:30
vot_c4bcef9d,prp_dcd3c878,usr_fae4d064,no,1,,2026-08-01T10:00:00+05:30,2026-08-18T10:00:00+05:30
vot_c997a0f0,prp_dcd3c878,usr_7dc3ba48,yes,1,Only if we skip the museum.,2026-08-12T10:00:00+05:30,2026-08-18T10:00:00+05:30
vot_1e2d09b0,prp_ae45684e,usr_2da5bb04,yes,1.5,,2026-08-14T10:00:00+05:30,2026-08-18T10:00:00+05:30
vot_22f87166,prp_ae45684e,usr_7edfea3c,no,1,,2026-07-25T10:00:00+05:30,2026-08-18T10:00:00+05:30
vot_f982e933,prp_caedb77d,usr_e9d7fa81,no,1,No — too far.,2026-07-22T10:00:00+05:30,2026-08-18T10:00:00+05:30
vot_b75ead86,prp_caedb77d,usr_c7dcdd3d,abstain,1,Only if we skip the museum.,2026-08-11T10:00:00+05:30,2026-08-18T10:00:00+05:30
vot_4060cf3d,prp_caedb77d,usr_36c3dbed,yes,1,Fine either way.,2026-08-09T10:00:00+05:30,2026-08-18T10:00:00+05:30
vot_f5ac074b,prp_caedb77d,usr_9b3b547f,yes,1.5,Strongly prefer this.,2026-07-25T10:00:00+05:30,2026-08-18T10:00:00+05:30
vot_369c76e2,prp_589cc2f8,usr_ab2353de,yes,1,,2026-08-03T10:00:00+05:30,2026-08-18T10:00:00+05:30
vot_9a29330d,prp_589cc2f8,usr_96740172,abstain,1,,2026-08-02T10:00:00+05:30,2026-08-18T10:00:00+05:30
vot_a1caea59,prp_e8c57e7c,usr_372a30af,no,1,,2026-07-30T10:00:00+05:30,2026-08-18T10:00:00+05:30
vot_995fc75c,prp_e8c57e7c,usr_d8cab59f,no,1,Strongly prefer this.,2026-08-09T10:00:00+05:30,2026-08-18T10:00:00+05:30
vot_2d75c287,prp_e8c57e7c,usr_4e0c977f,abstain,1,No — too far.,2026-08-02T10:00:00+05:30,2026-08-18T10:00:00+05:30
vot_bef65b7e,prp_e8c57e7c,usr_7f6d27fe,yes,1.5,,2026-07-30T10:00:00+05:30,2026-08-18T10:00:00+05:30
vot_1593712a,prp_fdc42773,usr_ce11983a,no,1,,2026-08-06T10:00:00+05:30,2026-08-18T10:00:00+05:30
vot_3350059c,prp_fdc42773,usr_399971ee,yes,1.5,,2026-07-26T10:00:00+05:30,2026-08-18T10:00:00+05:30
vot_89cd501e,prp_fdc42773,usr_b5327682,yes,1,,2026-08-14T10:00:00+05:30,2026-08-18T10:00:00+05:30
vot_0fd07f1f,prp_099ca109,usr_b0226153,yes,1,,2026-08-03T10:00:00+05:30,2026-08-18T10:00:00+05:30
vot_4b265b41,prp_099ca109,usr_c25e06d9,yes,1,Fine either way.,2026-08-15T10:00:00+05:30,2026-08-18T10:00:00+05:30
vot_ffacf25c,prp_099ca109,usr_e6dca418,abstain,1.5,,2026-08-05T10:00:00+05:30,2026-08-18T10:00:00+05:30
vot_feb1c856,prp_a6c2d45f,usr_8b3ba681,no,1,Only if we skip the museum.,2026-07-26T10:00:00+05:30,2026-08-18T10:00:00+05:30
vot_66186465,prp_a6c2d45f,usr_e7722766,yes,1,,2026-08-06T10:00:00+05:30,2026-08-18T10:00:00+05:30
vot_59f54ef1,prp_a6c2d45f,usr_bc8d5d3b,no,1,Strongly prefer this.,2026-08-10T10:00:00+05:30,2026-08-18T10:00:00+05:30
vot_13cd9be4,prp_7603c5a1,usr_3d1b88d6,yes,1,,2026-08-13T10:00:00+05:30,2026-08-18T10:00:00+05:30
vot_1c074a50,prp_7603c5a1,usr_ecb18174,yes,1.5,,2026-07-28T10:00:00+05:30,2026-08-18T10:00:00+05:30
vot_24d9c38d,prp_c7b6dfb1,usr_8ed02105,yes,1,Strongly prefer this.,2026-08-15T10:00:00+05:30,2026-08-18T10:00:00+05:30
vot_e30118d3,prp_c7b6dfb1,usr_ee5c9717,no,1.5,,2026-07-27T10:00:00+05:30,2026-08-18T10:00:00+05:30
vot_4b6c2d98,prp_c7b6dfb1,usr_e7080930,no,1.5,,2026-08-08T10:00:00+05:30,2026-08-18T10:00:00+05:30
vot_5ec2be44,prp_c7b6dfb1,usr_93d67c62,yes,1,,2026-08-12T10:00:00+05:30,2026-08-18T10:00:00+05:30
vot_84d6b339,prp_23424e33,usr_d8ec0000,no,1.5,Only if we skip the museum.,2026-08-11T10:00:00+05:30,2026-08-18T10:00:00+05:30
vot_f95f6258,prp_23424e33,usr_3d1b88d6,yes,1,No — too far.,2026-08-04T10:00:00+05:30,2026-08-18T10:00:00+05:30
vot_018d950e,prp_23424e33,usr_8180c222,no,1.5,Strongly prefer this.,2026-08-13T10:00:00+05:30,2026-08-18T10:00:00+05:30
vot_8547d189,prp_23424e33,usr_ea479c41,yes,1,,2026-07-24T10:00:00+05:30,2026-08-18T10:00:00+05:30
vot_05455ed5,prp_ea68a2ed,usr_544eff67,no,1.5,,2026-08-05T10:00:00+05:30,2026-08-18T10:00:00+05:30
vot_88d8d204,prp_ea68a2ed,usr_5e289429,abstain,1,,2026-08-09T10:00:00+05:30,2026-08-18T10:00:00+05:30
vot_1271d1cc,prp_ea68a2ed,usr_ba8453d8,yes,1.5,No — too far.,2026-08-09T10:00:00+05:30,2026-08-18T10:00:00+05:30
vot_368895e9,prp_8116fd40,usr_d0571b95,no,1,Fine either way.,2026-07-21T10:00:00+05:30,2026-08-18T10:00:00+05:30
vot_44477872,prp_8116fd40,usr_a370271a,yes,1,,2026-07-31T10:00:00+05:30,2026-08-18T10:00:00+05:30
vot_20dac46c,prp_db4d9f6e,usr_701b0010,yes,1.5,,2026-08-15T10:00:00+05:30,2026-08-18T10:00:00+05:30
vot_077ce1d8,prp_db4d9f6e,usr_2c8b7af8,yes,1,,2026-07-31T10:00:00+05:30,2026-08-18T10:00:00+05:30
vot_eae7671b,prp_f03968f8,usr_1501196b,yes,1.5,,2026-08-10T10:00:00+05:30,2026-08-18T10:00:00+05:30
vot_9dcf507b,prp_f03968f8,usr_68f5f82d,yes,1,,2026-08-14T10:00:00+05:30,2026-08-18T10:00:00+05:30
vot_101e4fd2,prp_f03968f8,usr_7796e5e8,yes,1,,2026-08-15T10:00:00+05:30,2026-08-18T10:00:00+05:30
vot_94cc951e,prp_312887a4,usr_96e3c90b,abstain,1,No — too far.,2026-07-28T10:00:00+05:30,2026-08-18T10:00:00+05:30
vot_166b2a40,prp_312887a4,usr_693c20b9,yes,1,,2026-07-23T10:00:00+05:30,2026-08-18T10:00:00+05:30
vot_9d4c8b0f,prp_312887a4,usr_b4a877b0,no,1.5,,2026-07-21T10:00:00+05:30,2026-08-18T10:00:00+05:30
vot_0ef2113d,prp_343c03a3,usr_21b63d3b,yes,1,,2026-07-23T10:00:00+05:30,2026-08-18T10:00:00+05:30
vot_457ab854,prp_343c03a3,usr_ea269383,no,1,Strongly prefer this.,2026-08-02T10:00:00+05:30,2026-08-18T10:00:00+05:30
vot_b747cdd7,prp_343c03a3,usr_8e272905,abstain,1,,2026-08-05T10:00:00+05:30,2026-08-18T10:00:00+05:30
vot_566c5709,prp_a13e1531,usr_d20b2a69,abstain,1,,2026-07-23T10:00:00+05:30,2026-08-18T10:00:00+05:30
vot_e99e6219,prp_a13e1531,usr_65303113,no,1,,2026-08-06T10:00:00+05:30,2026-08-18T10:00:00+05:30
vot_f3f5660d,prp_23a70316,usr_db178dbf,abstain,1.5,Fine either way.,2026-08-08T10:00:00+05:30,2026-08-18T10:00:00+05:30
vot_4bc2f1e5,prp_23a70316,usr_adfa8422,yes,1,,2026-07-29T10:00:00+05:30,2026-08-18T10:00:00+05:30
vot_1dd8d12f,prp_23a70316,usr_7b03ee88,no,1.5,,2026-08-15T10:00:00+05:30,2026-08-18T10:00:00+05:30
vot_9fe71ebe,prp_c49c027e,usr_ea269383,no,1,Strongly prefer this.,2026-07-20T10:00:00+05:30,2026-08-18T10:00:00+05:30
vot_57e95971,prp_c49c027e,usr_57798fdb,yes,1,Strongly prefer this.,2026-08-10T10:00:00+05:30,2026-08-18T10:00:00+05:30
vot_ef7bd1e7,prp_1db59b6e,usr_7f26d855,no,1.5,,2026-07-27T10:00:00+05:30,2026-08-18T10:00:00+05:30
vot_09b0b14a,prp_1db59b6e,usr_95d28a5d,yes,1,,2026-07-24T10:00:00+05:30,2026-08-18T10:00:00+05:30
vot_a58853bd,prp_a3407ea4,usr_0dc68a1c,abstain,1,,2026-07-29T10:00:00+05:30,2026-08-18T10:00:00+05:30
vot_c1af500a,prp_a3407ea4,usr_410809ba,abstain,1,No — too far.,2026-08-12T10:00:00+05:30,2026-08-18T10:00:00+05:30
vot_ea9b9aba,prp_09b808da,usr_da6b9625,no,1,,2026-07-26T10:00:00+05:30,2026-08-18T10:00:00+05:30
vot_ab2d4aac,prp_09b808da,usr_c41a26c3,yes,1,No — too far.,2026-08-06T10:00:00+05:30,2026-08-18T10:00:00+05:30
vot_9cdd4032,prp_09b808da,usr_454b4262,no,1,Strongly prefer this.,2026-08-15T10:00:00+05:30,2026-08-18T10:00:00+05:30
vot_aee20095,prp_09b808da,usr_1dd8f348,yes,1,,2026-08-10T10:00:00+05:30,2026-08-18T10:00:00+05:30
vot_99d8e481,prp_e4f1434f,usr_df582802,yes,1,,2026-08-06T10:00:00+05:30,2026-08-18T10:00:00+05:30
vot_a88d56e2,prp_e4f1434f,usr_61710d50,no,1,,2026-07-26T10:00:00+05:30,2026-08-18T10:00:00+05:30
vot_c5ee3d37,prp_e4f1434f,usr_a7185e16,no,1,,2026-07-24T10:00:00+05:30,2026-08-18T10:00:00+05:30
vot_60bc42af,prp_fbe61379,usr_cbdc0a06,yes,1,,2026-07-31T10:00:00+05:30,2026-08-18T10:00:00+05:30
vot_5cf1bc3f,prp_fbe61379,usr_1ef037a0,yes,1,,2026-08-16T10:00:00+05:30,2026-08-18T10:00:00+05:30
vot_f168b9ca,prp_fbe61379,usr_c0926c78,yes,1.5,,2026-07-20T10:00:00+05:30,2026-08-18T10:00:00+05:30
vot_0a4950a2,prp_fbe61379,usr_a386ca28,yes,1,,2026-08-14T10:00:00+05:30,2026-08-18T10:00:00+05:30
vot_6583a8e5,prp_8fde4c49,usr_05306731,yes,1,Fine either way.,2026-08-11T10:00:00+05:30,2026-08-18T10:00:00+05:30
vot_86a07cc6,prp_8fde4c49,usr_29dfdea3,no,1,,2026-08-04T10:00:00+05:30,2026-08-18T10:00:00+05:30
vot_ac77f6e6,prp_8fde4c49,usr_78513cd2,yes,1,Only if we skip the museum.,2026-07-27T10:00:00+05:30,2026-08-18T10:00:00+05:30
vot_57f1d2c5,prp_8fde4c49,usr_9474016b,yes,1,,2026-07-25T10:00:00+05:30,2026-08-18T10:00:00+05:30
vot_d6ad44e2,prp_c412c110,usr_157e58e7,yes,1.5,,2026-08-07T10:00:00+05:30,2026-08-18T10:00:00+05:30
vot_34d2ef20,prp_c412c110,usr_74e3ecb1,yes,1,Strongly prefer this.,2026-08-17T10:00:00+05:30,2026-08-18T10:00:00+05:30
vot_e3c05ecb,prp_c412c110,usr_b10b045a,yes,1,Strongly prefer this.,2026-07-26T10:00:00+05:30,2026-08-18T10:00:00+05:30
vot_f38ba314,prp_992d01ac,usr_a2df7150,yes,1.5,,2026-08-14T10:00:00+05:30,2026-08-18T10:00:00+05:30
vot_7f3dc0ff,prp_992d01ac,usr_65303113,yes,1.5,,2026-08-03T10:00:00+05:30,2026-08-18T10:00:00+05:30
vot_0149d6de,prp_992d01ac,usr_5b790166,yes,1,,2026-08-06T10:00:00+05:30,2026-08-18T10:00:00+05:30
vot_b0e835bc,prp_c2047f7b,usr_24f139e5,yes,1,No — too far.,2026-07-25T10:00:00+05:30,2026-08-18T10:00:00+05:30
vot_7b33dbba,prp_c2047f7b,usr_157e58e7,abstain,1,,2026-08-15T10:00:00+05:30,2026-08-18T10:00:00+05:30
vot_5ec0faed,prp_5693749c,usr_0ecee4ac,yes,1.5,,2026-08-07T10:00:00+05:30,2026-08-18T10:00:00+05:30
vot_826584d3,prp_5693749c,usr_ddcb196c,yes,1,,2026-07-21T10:00:00+05:30,2026-08-18T10:00:00+05:30
vot_f63710ed,prp_1c261142,usr_be1c9458,abstain,1,,2026-08-04T10:00:00+05:30,2026-08-18T10:00:00+05:30
vot_d20e147d,prp_1c261142,usr_956481cd,abstain,1,Strongly prefer this.,2026-07-20T10:00:00+05:30,2026-08-18T10:00:00+05:30
vot_d69a4b18,prp_1c261142,usr_2a348485,no,1,,2026-07-22T10:00:00+05:30,2026-08-18T10:00:00+05:30
vot_19eb5180,prp_8ccf5aec,usr_f13873e9,no,1,,2026-08-13T10:00:00+05:30,2026-08-18T10:00:00+05:30
vot_161565cb,prp_8ccf5aec,usr_f271c461,no,1,Fine either way.,2026-08-13T10:00:00+05:30,2026-08-18T10:00:00+05:30
vot_d20be190,prp_8ccf5aec,usr_57995796,abstain,1.5,Strongly prefer this.,2026-08-09T10:00:00+05:30,2026-08-18T10:00:00+05:30
vot_958c88d1,prp_eb10faa0,usr_b8779399,no,1.5,,2026-08-06T10:00:00+05:30,2026-08-18T10:00:00+05:30
vot_0035b995,prp_eb10faa0,usr_4e8e3f6d,no,1.5,,2026-08-08T10:00:00+05:30,2026-08-18T10:00:00+05:30
vot_ab2c43c8,prp_25971899,usr_e10845c8,yes,1,Strongly prefer this.,2026-08-10T10:00:00+05:30,2026-08-18T10:00:00+05:30
vot_a3dd0c6e,prp_25971899,usr_49c29e32,no,1,Strongly prefer this.,2026-08-03T10:00:00+05:30,2026-08-18T10:00:00+05:30
vot_d24a7fb7,prp_25971899,usr_4e0c977f,yes,1.5,Fine either way.,2026-07-29T10:00:00+05:30,2026-08-18T10:00:00+05:30
vot_ea05e375,prp_25971899,usr_2209582f,yes,1,Strongly prefer this.,2026-07-30T10:00:00+05:30,2026-08-18T10:00:00+05:30
vot_7f856873,prp_940fc987,usr_8317ab30,yes,1,,2026-07-30T10:00:00+05:30,2026-08-18T10:00:00+05:30
vot_977324f3,prp_940fc987,usr_9afd8eab,yes,1,,2026-07-25T10:00:00+05:30,2026-08-18T10:00:00+05:30
vot_87c7e469,prp_940fc987,usr_f43be858,yes,1,,2026-07-28T10:00:00+05:30,2026-08-18T10:00:00+05:30
vot_3f55a0dd,prp_940fc987,usr_5bfe40e4,abstain,1,,2026-08-17T10:00:00+05:30,2026-08-18T10:00:00+05:30
vot_a6e86dac,prp_49993eed,usr_98a69060,yes,1.5,,2026-08-02T10:00:00+05:30,2026-08-18T10:00:00+05:30
vot_687d9a20,prp_49993eed,usr_22d1a7e5,yes,1,,2026-07-20T10:00:00+05:30,2026-08-18T10:00:00+05:30
vot_cdae64bc,prp_49993eed,usr_c61e810b,yes,1.5,Strongly prefer this.,2026-08-13T10:00:00+05:30,2026-08-18T10:00:00+05:30
vot_a213b414,prp_a374ae64,usr_bc67142c,yes,1,Strongly prefer this.,2026-08-04T10:00:00+05:30,2026-08-18T10:00:00+05:30
vot_f52e4335,prp_a374ae64,usr_4efab0b7,no,1,No — too far.,2026-07-20T10:00:00+05:30,2026-08-18T10:00:00+05:30
vot_8132d565,prp_a374ae64,usr_7faf6134,no,1,,2026-08-08T10:00:00+05:30,2026-08-18T10:00:00+05:30
vot_e2cf9d9b,prp_a374ae64,usr_ee5c9717,no,1.5,,2026-08-08T10:00:00+05:30,2026-08-18T10:00:00+05:30
vot_59544b8a,prp_dc6864ff,usr_4efab0b7,yes,1,,2026-07-21T10:00:00+05:30,2026-08-18T10:00:00+05:30
vot_ae6ba260,prp_dc6864ff,usr_9c898903,no,1.5,,2026-08-04T10:00:00+05:30,2026-08-18T10:00:00+05:30
vot_5aff9288,prp_dc6864ff,usr_225fd2f9,yes,1,,2026-08-01T10:00:00+05:30,2026-08-18T10:00:00+05:30
vot_9af3d4c0,prp_dc6864ff,usr_a3f4f2d9,yes,1,Only if we skip the museum.,2026-07-25T10:00:00+05:30,2026-08-18T10:00:00+05:30
vot_8a1d86ab,prp_e1b9be38,usr_e93a9eef,yes,1,,2026-08-15T10:00:00+05:30,2026-08-18T10:00:00+05:30
vot_aa681e9c,prp_e1b9be38,usr_f427bdf9,yes,1,Only if we skip the museum.,2026-07-29T10:00:00+05:30,2026-08-18T10:00:00+05:30
vot_dd08aa3e,prp_f8693a18,usr_0e5a0620,no,1,Fine either way.,2026-08-14T10:00:00+05:30,2026-08-18T10:00:00+05:30
vot_6b6c6390,prp_f8693a18,usr_3f50fbcb,yes,1,Strongly prefer this.,2026-08-05T10:00:00+05:30,2026-08-18T10:00:00+05:30
vot_cd0808ed,prp_cebadac8,usr_76043d79,no,1,,2026-07-20T10:00:00+05:30,2026-08-18T10:00:00+05:30
vot_770342e4,prp_cebadac8,usr_d8ec0000,no,1,,2026-08-03T10:00:00+05:30,2026-08-18T10:00:00+05:30
vot_8e5c2e3e,prp_cebadac8,usr_c94b68cc,abstain,1,Fine either way.,2026-07-23T10:00:00+05:30,2026-08-18T10:00:00+05:30
vot_d0554cb3,prp_cebadac8,usr_e0440f90,yes,1,Strongly prefer this.,2026-08-09T10:00:00+05:30,2026-08-18T10:00:00+05:30
vot_ce2e4183,prp_aba0fd64,usr_36284ca0,no,1,Only if we skip the museum.,2026-08-01T10:00:00+05:30,2026-08-18T10:00:00+05:30
vot_40877437,prp_aba0fd64,usr_664c590c,no,1,,2026-08-04T10:00:00+05:30,2026-08-18T10:00:00+05:30
vot_9bb62de4,prp_aba0fd64,usr_6a108f4e,yes,1,,2026-08-07T10:00:00+05:30,2026-08-18T10:00:00+05:30
vot_e9ab1aca,prp_392ad701,usr_72818c78,yes,1,Strongly prefer this.,2026-08-16T10:00:00+05:30,2026-08-18T10:00:00+05:30
vot_85f1e78f,prp_392ad701,usr_3c2f4109,no,1,,2026-07-23T10:00:00+05:30,2026-08-18T10:00:00+05:30
vot_cbf4d8c4,prp_392ad701,usr_76ac5087,abstain,1,,2026-07-21T10:00:00+05:30,2026-08-18T10:00:00+05:30
vot_13cc148b,prp_f3f27250,usr_db93de1b,yes,1,Fine either way.,2026-07-21T10:00:00+05:30,2026-08-18T10:00:00+05:30
vot_e3764735,prp_f3f27250,usr_8ddbc4ab,yes,1,Fine either way.,2026-08-07T10:00:00+05:30,2026-08-18T10:00:00+05:30
vot_55aec55a,prp_f3f27250,usr_e47b6104,no,1.5,,2026-08-07T10:00:00+05:30,2026-08-18T10:00:00+05:30
vot_6f030a4d,prp_f3f27250,usr_712600f0,yes,1,,2026-07-21T10:00:00+05:30,2026-08-18T10:00:00+05:30
vot_2f23d9e9,prp_24fe95b6,usr_ee605ce4,no,1,,2026-07-28T10:00:00+05:30,2026-08-18T10:00:00+05:30
vot_7acf46c5,prp_24fe95b6,usr_be4ecc52,no,1.5,,2026-07-26T10:00:00+05:30,2026-08-18T10:00:00+05:30
vot_2dd1ec51,prp_848e4457,usr_78bb2d82,yes,1,,2026-08-06T10:00:00+05:30,2026-08-18T10:00:00+05:30
vot_0851c3c4,prp_848e4457,usr_737d4dab,yes,1.5,Strongly prefer this.,2026-07-25T10:00:00+05:30,2026-08-18T10:00:00+05:30
vot_8ed51bd3,prp_848e4457,usr_8cace6bd,yes,1.5,,2026-07-21T10:00:00+05:30,2026-08-18T10:00:00+05:30
vot_2e579008,prp_848e4457,usr_6cdfb2c8,yes,1.5,,2026-07-29T10:00:00+05:30,2026-08-18T10:00:00+05:30
vot_58339f3d,prp_f92c6676,usr_6c3fae7b,no,1,,2026-07-21T10:00:00+05:30,2026-08-18T10:00:00+05:30
vot_9a8acc7e,prp_f92c6676,usr_e2490a9e,no,1,Only if we skip the museum.,2026-08-01T10:00:00+05:30,2026-08-18T10:00:00+05:30
vot_0022cb97,prp_1e499ce7,usr_7faf6134,yes,1.5,Only if we skip the museum.,2026-07-23T10:00:00+05:30,2026-08-18T10:00:00+05:30
vot_e2254247,prp_1e499ce7,usr_d1a44892,no,1,,2026-07-27T10:00:00+05:30,2026-08-18T10:00:00+05:30
vot_a437b06a,prp_1e499ce7,usr_3e25dcc6,yes,1,Only if we skip the museum.,2026-08-09T10:00:00+05:30,2026-08-18T10:00:00+05:30
vot_8653fcdc,prp_a6277b8e,usr_e076a69d,no,1,,2026-07-23T10:00:00+05:30,2026-08-18T10:00:00+05:30
vot_31fe5394,prp_a6277b8e,usr_85c09ee4,yes,1,,2026-08-15T10:00:00+05:30,2026-08-18T10:00:00+05:30
vot_5786961b,prp_25565624,usr_ee5c9717,yes,1,Only if we skip the museum.,2026-08-12T10:00:00+05:30,2026-08-18T10:00:00+05:30
vot_99b5f47f,prp_25565624,usr_57890fbe,yes,1,Only if we skip the museum.,2026-07-30T10:00:00+05:30,2026-08-18T10:00:00+05:30
vot_855eef0d,prp_25565624,usr_13d8f6bd,no,1,,2026-08-14T10:00:00+05:30,2026-08-18T10:00:00+05:30
vot_401dbca8,prp_44f28cb2,usr_5f22c672,yes,1,Only if we skip the museum.,2026-07-27T10:00:00+05:30,2026-08-18T10:00:00+05:30
vot_8a44c552,prp_44f28cb2,usr_5d8450f0,yes,1,Only if we skip the museum.,2026-07-23T10:00:00+05:30,2026-08-18T10:00:00+05:30
vot_8b14703d,prp_4ec08699,usr_0e3a6945,yes,1,,2026-07-31T10:00:00+05:30,2026-08-18T10:00:00+05:30
vot_c4060227,prp_4ec08699,usr_969a0636,yes,1,,2026-07-26T10:00:00+05:30,2026-08-18T10:00:00+05:30
vot_99ba05ca,prp_937522ce,usr_b831f448,no,1,Fine either way.,2026-08-16T10:00:00+05:30,2026-08-18T10:00:00+05:30
vot_4ce22db0,prp_937522ce,usr_fe056e56,abstain,1,Fine either way.,2026-07-25T10:00:00+05:30,2026-08-18T10:00:00+05:30
vot_673a7334,prp_43e8922b,usr_a9e888d0,no,1,,2026-08-04T10:00:00+05:30,2026-08-18T10:00:00+05:30
vot_ed716454,prp_43e8922b,usr_f52d271a,no,1,,2026-08-14T10:00:00+05:30,2026-08-18T10:00:00+05:30
vot_b3156c4d,prp_ae2921be,usr_2bd5e70b,yes,1,,2026-08-12T10:00:00+05:30,2026-08-18T10:00:00+05:30
vot_6b98ee8c,prp_ae2921be,usr_5ffc5ee5,yes,1.5,Strongly prefer this.,2026-08-15T10:00:00+05:30,2026-08-18T10:00:00+05:30
vot_0a4c4e7d,prp_ae2921be,usr_9474016b,yes,1.5,,2026-08-07T10:00:00+05:30,2026-08-18T10:00:00+05:30
vot_0d420d61,prp_25340057,usr_b3f2baa1,yes,1,Strongly prefer this.,2026-08-03T10:00:00+05:30,2026-08-18T10:00:00+05:30
vot_2afcb7d5,prp_25340057,usr_aaf1c470,no,1,,2026-08-03T10:00:00+05:30,2026-08-18T10:00:00+05:30
vot_fccd9b7d,prp_1c70af45,usr_3134253d,no,1,No — too far.,2026-07-23T10:00:00+05:30,2026-08-18T10:00:00+05:30
vot_8f8ba36f,prp_1c70af45,usr_e60873aa,yes,1,,2026-07-27T10:00:00+05:30,2026-08-18T10:00:00+05:30
vot_3a14dbeb,prp_1c70af45,usr_21700d8e,yes,1.5,,2026-07-26T10:00:00+05:30,2026-08-18T10:00:00+05:30
vot_3838ed72,prp_d5436308,usr_e459a18c,no,1,Fine either way.,2026-07-30T10:00:00+05:30,2026-08-18T10:00:00+05:30
vot_e4ab5552,prp_d5436308,usr_d20b2a69,no,1,,2026-08-17T10:00:00+05:30,2026-08-18T10:00:00+05:30
vot_4a6383fd,prp_e670601c,usr_d73f4c7f,yes,1,,2026-08-14T10:00:00+05:30,2026-08-18T10:00:00+05:30
vot_feb799cd,prp_e670601c,usr_02b3a36d,no,1,Fine either way.,2026-08-03T10:00:00+05:30,2026-08-18T10:00:00+05:30
vot_9dc4b0ee,prp_506be15b,usr_35d340e3,abstain,1,,2026-07-27T10:00:00+05:30,2026-08-18T10:00:00+05:30
vot_b6b8025f,prp_506be15b,usr_9d604e2e,yes,1.5,No — too far.,2026-08-12T10:00:00+05:30,2026-08-18T10:00:00+05:30
vot_336324c0,prp_506be15b,usr_5527167d,no,1,,2026-07-30T10:00:00+05:30,2026-08-18T10:00:00+05:30
vot_bc8cae7f,prp_0b7c3f95,usr_f23dc3eb,yes,1,,2026-08-10T10:00:00+05:30,2026-08-18T10:00:00+05:30
vot_7e57badf,prp_0b7c3f95,usr_bc4a9809,yes,1,Strongly prefer this.,2026-07-21T10:00:00+05:30,2026-08-18T10:00:00+05:30
vot_465ad508,prp_0b7c3f95,usr_506012f1,no,1.5,No — too far.,2026-08-08T10:00:00+05:30,2026-08-18T10:00:00+05:30
vot_ad6377b4,prp_d8fc1d5f,usr_e9d7fa81,no,1,,2026-08-01T10:00:00+05:30,2026-08-18T10:00:00+05:30
vot_1a6693c0,prp_d8fc1d5f,usr_63d6db20,no,1,,2026-07-27T10:00:00+05:30,2026-08-18T10:00:00+05:30
vot_7821d980,prp_f5aae4fa,usr_e1f3dfbc,yes,1.5,,2026-08-01T10:00:00+05:30,2026-08-18T10:00:00+05:30
vot_b156eeed,prp_f5aae4fa,usr_8d55da4d,no,1.5,Only if we skip the museum.,2026-07-26T10:00:00+05:30,2026-08-18T10:00:00+05:30
vot_7ed20c64,prp_f5aae4fa,usr_4f00071d,abstain,1,,2026-07-20T10:00:00+05:30,2026-08-18T10:00:00+05:30
vot_0971ffd7,prp_4ce7670c,usr_50bced56,abstain,1,,2026-07-27T10:00:00+05:30,2026-08-18T10:00:00+05:30
vot_ee87dfab,prp_4ce7670c,usr_54e0dc44,no,1.5,No — too far.,2026-08-14T10:00:00+05:30,2026-08-18T10:00:00+05:30
vot_48c92acc,prp_4ce7670c,usr_64eaee79,yes,1,Only if we skip the museum.,2026-08-12T10:00:00+05:30,2026-08-18T10:00:00+05:30
vot_8a05c307,prp_4ce7670c,usr_525b1d3c,yes,1,Only if we skip the museum.,2026-08-01T10:00:00+05:30,2026-08-18T10:00:00+05:30
vot_7b7d1aa4,prp_da52fddd,usr_0dc99bd5,abstain,1.5,Fine either way.,2026-07-20T10:00:00+05:30,2026-08-18T10:00:00+05:30
vot_435ed96d,prp_da52fddd,usr_3d2f73ea,no,1.5,Only if we skip the museum.,2026-08-10T10:00:00+05:30,2026-08-18T10:00:00+05:30
vot_3aa105e2,prp_8aef52c4,usr_fcd9bdf6,yes,1,,2026-08-17T10:00:00+05:30,2026-08-18T10:00:00+05:30
vot_cc666f44,prp_8aef52c4,usr_840ca16a,yes,1.5,,2026-08-14T10:00:00+05:30,2026-08-18T10:00:00+05:30
vot_c4c83fea,prp_8aef52c4,usr_ae648c19,no,1,No — too far.,2026-07-21T10:00:00+05:30,2026-08-18T10:00:00+05:30
vot_618136e6,prp_8aef52c4,usr_b8d03703,yes,1.5,,2026-08-13T10:00:00+05:30,2026-08-18T10:00:00+05:30
vot_17025bbb,prp_1bfef418,usr_701b0010,yes,1,,2026-08-02T10:00:00+05:30,2026-08-18T10:00:00+05:30
vot_c73653ad,prp_1bfef418,usr_ae35e63d,yes,1,,2026-08-08T10:00:00+05:30,2026-08-18T10:00:00+05:30
vot_0e7962aa,prp_bacb93d0,usr_f3d35bfe,yes,1,No — too far.,2026-08-15T10:00:00+05:30,2026-08-18T10:00:00+05:30
vot_62f50618,prp_bacb93d0,usr_cb0928ac,abstain,1.5,,2026-07-29T10:00:00+05:30,2026-08-18T10:00:00+05:30
vot_cefc4286,prp_bacb93d0,usr_4794174d,yes,1.5,Only if we skip the museum.,2026-08-16T10:00:00+05:30,2026-08-18T10:00:00+05:30
vot_75629e8c,prp_662aeb06,usr_ae377360,no,1,,2026-08-06T10:00:00+05:30,2026-08-18T10:00:00+05:30
vot_7b282bac,prp_662aeb06,usr_3b70ae01,abstain,1,,2026-07-28T10:00:00+05:30,2026-08-18T10:00:00+05:30
vot_0626c6a7,prp_b8295b8c,usr_4022bd9b,yes,1,Fine either way.,2026-08-15T10:00:00+05:30,2026-08-18T10:00:00+05:30
vot_fdf98bcd,prp_b8295b8c,usr_6e3b5c10,no,1,,2026-08-16T10:00:00+05:30,2026-08-18T10:00:00+05:30
vot_df8d7d17,prp_b4de7d46,usr_3190040f,yes,1,,2026-07-20T10:00:00+05:30,2026-08-18T10:00:00+05:30
vot_bae8545e,prp_b4de7d46,usr_e528f9b0,yes,1,Strongly prefer this.,2026-07-30T10:00:00+05:30,2026-08-18T10:00:00+05:30
vot_8c7f0076,prp_1cafe02d,usr_050830ac,yes,1,,2026-08-07T10:00:00+05:30,2026-08-18T10:00:00+05:30
vot_1494ce63,prp_1cafe02d,usr_44ef2e9c,abstain,1.5,No — too far.,2026-07-29T10:00:00+05:30,2026-08-18T10:00:00+05:30
vot_d156b0e2,prp_1cafe02d,usr_0b483652,yes,1,,2026-07-25T10:00:00+05:30,2026-08-18T10:00:00+05:30
vot_efe35c55,prp_732f74a0,usr_55b114d5,no,1,,2026-07-20T10:00:00+05:30,2026-08-18T10:00:00+05:30
vot_9fdc532b,prp_732f74a0,usr_3f4f4c52,no,1.5,Only if we skip the museum.,2026-08-03T10:00:00+05:30,2026-08-18T10:00:00+05:30
vot_100ba266,prp_732f74a0,usr_d981bf20,yes,1,,2026-08-08T10:00:00+05:30,2026-08-18T10:00:00+05:30
vot_fb14d900,prp_732f74a0,usr_ddfd9a4a,no,1,,2026-08-17T10:00:00+05:30,2026-08-18T10:00:00+05:30
vot_8dee9bc4,prp_dfd0b516,usr_0c1ce238,no,1,,2026-08-03T10:00:00+05:30,2026-08-18T10:00:00+05:30
vot_98e2068b,prp_dfd0b516,usr_76c235d5,yes,1,Fine either way.,2026-08-05T10:00:00+05:30,2026-08-18T10:00:00+05:30
vot_0337467c,prp_cffe1a8b,usr_22e61dad,yes,1.5,Only if we skip the museum.,2026-08-01T10:00:00+05:30,2026-08-18T10:00:00+05:30
vot_7bb8b662,prp_cffe1a8b,usr_7e72b295,abstain,1,,2026-07-30T10:00:00+05:30,2026-08-18T10:00:00+05:30
vot_e5d1033b,prp_1c1d205f,usr_268fdb85,yes,1,Strongly prefer this.,2026-08-02T10:00:00+05:30,2026-08-18T10:00:00+05:30
vot_3702de01,prp_1c1d205f,usr_57890fbe,yes,1,,2026-07-28T10:00:00+05:30,2026-08-18T10:00:00+05:30
vot_61fa062f,prp_1c1d205f,usr_1501196b,yes,1,,2026-08-16T10:00:00+05:30,2026-08-18T10:00:00+05:30
vot_f9f02bab,prp_1c1d205f,usr_af17aeaa,no,1,,2026-08-09T10:00:00+05:30,2026-08-18T10:00:00+05:30
vot_6b4a02c6,prp_2659f7df,usr_ab3f6d18,yes,1,,2026-08-10T10:00:00+05:30,2026-08-18T10:00:00+05:30
vot_723be4eb,prp_2659f7df,usr_40edb5af,no,1,,2026-07-22T10:00:00+05:30,2026-08-18T10:00:00+05:30
vot_40400abe,prp_2659f7df,usr_a7185e16,no,1,No — too far.,2026-08-02T10:00:00+05:30,2026-08-18T10:00:00+05:30
vot_d484e03f,prp_ab0c0326,usr_bedf358a,yes,1.5,Only if we skip the museum.,2026-08-11T10:00:00+05:30,2026-08-18T10:00:00+05:30
vot_c47fa219,prp_ab0c0326,usr_4caa1cc0,yes,1.5,,2026-07-22T10:00:00+05:30,2026-08-18T10:00:00+05:30
vot_6e25f6e8,prp_ab0c0326,usr_2de68d4f,no,1,,2026-08-11T10:00:00+05:30,2026-08-18T10:00:00+05:30
vot_66669cb3,prp_10281ed5,usr_2a2841d1,no,1,,2026-07-27T10:00:00+05:30,2026-08-18T10:00:00+05:30
vot_b872dc50,prp_10281ed5,usr_1cec1f14,yes,1,,2026-08-04T10:00:00+05:30,2026-08-18T10:00:00+05:30
vot_2661f6dc,prp_397d154a,usr_ea479c41,yes,1,,2026-07-28T10:00:00+05:30,2026-08-18T10:00:00+05:30
vot_6424cd69,prp_397d154a,usr_6479c45c,no,1,,2026-08-09T10:00:00+05:30,2026-08-18T10:00:00+05:30
vot_e3e186e8,prp_397d154a,usr_7101a5b5,no,1,Only if we skip the museum.,2026-08-14T10:00:00+05:30,2026-08-18T10:00:00+05:30
vot_d4fd1e05,prp_a4fa8927,usr_17083a9e,yes,1.5,,2026-07-21T10:00:00+05:30,2026-08-18T10:00:00+05:30
vot_fac3cef0,prp_a4fa8927,usr_07f03d4c,yes,1,,2026-07-21T10:00:00+05:30,2026-08-18T10:00:00+05:30
vot_259265c6,prp_69fd12c3,usr_6a108f4e,yes,1.5,,2026-08-03T10:00:00+05:30,2026-08-18T10:00:00+05:30
vot_afcca3fe,prp_69fd12c3,usr_6feac3d4,no,1,,2026-07-21T10:00:00+05:30,2026-08-18T10:00:00+05:30
vot_a1af619d,prp_2def65e3,usr_4f00071d,yes,1,,2026-07-21T10:00:00+05:30,2026-08-18T10:00:00+05:30
vot_eee452fa,prp_2def65e3,usr_79248234,yes,1.5,Fine either way.,2026-08-02T10:00:00+05:30,2026-08-18T10:00:00+05:30
vot_616f3353,prp_3f99ede5,usr_cc3e5793,no,1,Strongly prefer this.,2026-08-03T10:00:00+05:30,2026-08-18T10:00:00+05:30
vot_5df08be8,prp_3f99ede5,usr_0e5a0620,yes,1.5,Only if we skip the museum.,2026-08-13T10:00:00+05:30,2026-08-18T10:00:00+05:30
vot_75c4f981,prp_3f99ede5,usr_63d19d4c,yes,1.5,Strongly prefer this.,2026-08-15T10:00:00+05:30,2026-08-18T10:00:00+05:30
vot_a6bd88f7,prp_c581cd7e,usr_22e61dad,abstain,1,Only if we skip the museum.,2026-08-02T10:00:00+05:30,2026-08-18T10:00:00+05:30
vot_92a4bf98,prp_c581cd7e,usr_13d8f6bd,yes,1,Strongly prefer this.,2026-08-15T10:00:00+05:30,2026-08-18T10:00:00+05:30
vot_636718b7,prp_c581cd7e,usr_2808d36a,yes,1,,2026-07-28T10:00:00+05:30,2026-08-18T10:00:00+05:30
vot_e9812fa6,prp_c581cd7e,usr_cea18c83,abstain,1,,2026-07-29T10:00:00+05:30,2026-08-18T10:00:00+05:30
vot_d81bf791,prp_91ce254d,usr_9cb9eedc,no,1,,2026-08-06T10:00:00+05:30,2026-08-18T10:00:00+05:30
vot_7bcd82ba,prp_91ce254d,usr_beeb010f,yes,1,No — too far.,2026-08-03T10:00:00+05:30,2026-08-18T10:00:00+05:30
vot_74cdfd02,prp_9a6c080d,usr_77e91c3a,yes,1,,2026-08-02T10:00:00+05:30,2026-08-18T10:00:00+05:30
vot_7a166586,prp_9a6c080d,usr_74e3ecb1,no,1,Only if we skip the museum.,2026-07-26T10:00:00+05:30,2026-08-18T10:00:00+05:30
vot_19b74c66,prp_39ec0825,usr_9694b4a3,yes,1,,2026-07-26T10:00:00+05:30,2026-08-18T10:00:00+05:30
vot_296b251e,prp_39ec0825,usr_aef2d4f6,yes,1,,2026-07-22T10:00:00+05:30,2026-08-18T10:00:00+05:30
vot_596dfaaf,prp_39ec0825,usr_12f95c97,yes,1.5,,2026-08-13T10:00:00+05:30,2026-08-18T10:00:00+05:30
vot_815ac442,prp_a440fb3a,usr_d1506bce,no,1,,2026-08-15T10:00:00+05:30,2026-08-18T10:00:00+05:30
vot_d572126d,prp_a440fb3a,usr_9cb9eedc,yes,1,,2026-07-30T10:00:00+05:30,2026-08-18T10:00:00+05:30
vot_ee9761e3,prp_a440fb3a,usr_f4293e56,yes,1,Only if we skip the museum.,2026-08-13T10:00:00+05:30,2026-08-18T10:00:00+05:30
vot_40900b9a,prp_a440fb3a,usr_6b052f91,yes,1,,2026-08-04T10:00:00+05:30,2026-08-18T10:00:00+05:30
vot_e20ad67c,prp_dd6f72cb,usr_1e3c81bb,yes,1,No — too far.,2026-08-13T10:00:00+05:30,2026-08-18T10:00:00+05:30
vot_9dec2ac0,prp_dd6f72cb,usr_4e1b489a,abstain,1,No — too far.,2026-08-02T10:00:00+05:30,2026-08-18T10:00:00+05:30
vot_f6998504,prp_dd6f72cb,usr_36c3dbed,no,1,Fine either way.,2026-07-21T10:00:00+05:30,2026-08-18T10:00:00+05:30
vot_431b68eb,prp_1c07f049,usr_a6999f45,yes,1,Only if we skip the museum.,2026-07-31T10:00:00+05:30,2026-08-18T10:00:00+05:30
vot_dad7f370,prp_1c07f049,usr_72d88a70,no,1,Fine either way.,2026-08-07T10:00:00+05:30,2026-08-18T10:00:00+05:30
vot_07cc757f,prp_877fe0b1,usr_bf89afd1,yes,1,,2026-08-09T10:00:00+05:30,2026-08-18T10:00:00+05:30
vot_ef775616,prp_877fe0b1,usr_91afdeed,yes,1,No — too far.,2026-08-12T10:00:00+05:30,2026-08-18T10:00:00+05:30
vot_6e645795,prp_877fe0b1,usr_671138ff,yes,1,Only if we skip the museum.,2026-07-24T10:00:00+05:30,2026-08-18T10:00:00+05:30
vot_bb83539a,prp_fed65d1e,usr_ede8042e,yes,1,,2026-07-25T10:00:00+05:30,2026-08-18T10:00:00+05:30
vot_4543152c,prp_fed65d1e,usr_e2ca58e8,yes,1.5,,2026-08-07T10:00:00+05:30,2026-08-18T10:00:00+05:30
vot_60d6d6b9,prp_fed65d1e,usr_65b43f7e,no,1,No — too far.,2026-08-01T10:00:00+05:30,2026-08-18T10:00:00+05:30
vot_e02d3362,prp_fed65d1e,usr_81dbf021,no,1.5,No — too far.,2026-07-30T10:00:00+05:30,2026-08-18T10:00:00+05:30
vot_642f34ce,prp_1775f243,usr_51983e08,no,1,,2026-08-07T10:00:00+05:30,2026-08-18T10:00:00+05:30
vot_8e1fe466,prp_1775f243,usr_63531f2d,yes,1,,2026-08-15T10:00:00+05:30,2026-08-18T10:00:00+05:30
vot_64586668,prp_9f4d0ba6,usr_d23b92e9,yes,1.5,,2026-07-22T10:00:00+05:30,2026-08-18T10:00:00+05:30
vot_6fc28afc,prp_9f4d0ba6,usr_0c1ce238,yes,1,,2026-08-08T10:00:00+05:30,2026-08-18T10:00:00+05:30
vot_2663632c,prp_9f4d0ba6,usr_b11d6d2c,yes,1,Only if we skip the museum.,2026-07-22T10:00:00+05:30,2026-08-18T10:00:00+05:30
vot_0822e232,prp_43dbef8b,usr_90afe18c,no,1,Only if we skip the museum.,2026-07-31T10:00:00+05:30,2026-08-18T10:00:00+05:30
vot_819d0e97,prp_43dbef8b,usr_5f3244b4,yes,1,,2026-07-31T10:00:00+05:30,2026-08-18T10:00:00+05:30
vot_a4788d4e,prp_43dbef8b,usr_b8779399,no,1.5,,2026-07-28T10:00:00+05:30,2026-08-18T10:00:00+05:30
vot_2a33457b,prp_ec82a7a0,usr_db37359e,no,1.5,Strongly prefer this.,2026-07-22T10:00:00+05:30,2026-08-18T10:00:00+05:30
vot_23786cd3,prp_ec82a7a0,usr_c61e810b,abstain,1,,2026-08-11T10:00:00+05:30,2026-08-18T10:00:00+05:30
vot_666caab6,prp_ec82a7a0,usr_b0226153,abstain,1.5,,2026-08-12T10:00:00+05:30,2026-08-18T10:00:00+05:30
vot_65672c0e,prp_126c998f,usr_b86dd891,no,1,,2026-08-02T10:00:00+05:30,2026-08-18T10:00:00+05:30
vot_cd186010,prp_126c998f,usr_8700ba48,yes,1,,2026-08-11T10:00:00+05:30,2026-08-18T10:00:00+05:30
vot_52e44f8e,prp_126c998f,usr_76043d79,abstain,1.5,No — too far.,2026-08-10T10:00:00+05:30,2026-08-18T10:00:00+05:30
vot_9b11d7d1,prp_126c998f,usr_9937a749,no,1,,2026-07-28T10:00:00+05:30,2026-08-18T10:00:00+05:30
vot_4c7b08af,prp_8c232d5d,usr_2881e5be,yes,1,,2026-08-14T10:00:00+05:30,2026-08-18T10:00:00+05:30
vot_c6597fa3,prp_8c232d5d,usr_5bfe40e4,no,1,,2026-07-23T10:00:00+05:30,2026-08-18T10:00:00+05:30
vot_8ad7a5d6,prp_8c232d5d,usr_6e6d6fef,no,1,Fine either way.,2026-08-10T10:00:00+05:30,2026-08-18T10:00:00+05:30
vot_f9d3c7f8,prp_81e75ca8,usr_991a1e29,yes,1,Fine either way.,2026-08-08T10:00:00+05:30,2026-08-18T10:00:00+05:30
vot_1ad41ce2,prp_81e75ca8,usr_228f37bd,no,1,,2026-07-26T10:00:00+05:30,2026-08-18T10:00:00+05:30
vot_2b6c764d,prp_e1f8669f,usr_07f03d4c,yes,1,,2026-08-10T10:00:00+05:30,2026-08-18T10:00:00+05:30
vot_522518ef,prp_e1f8669f,usr_6e6d6fef,yes,1.5,,2026-08-14T10:00:00+05:30,2026-08-18T10:00:00+05:30
vot_195dabad,prp_ae0067fe,usr_6a108f4e,yes,1.5,,2026-08-14T10:00:00+05:30,2026-08-18T10:00:00+05:30
vot_1e1b9724,prp_ae0067fe,usr_50bcfb30,no,1,,2026-07-21T10:00:00+05:30,2026-08-18T10:00:00+05:30
vot_4d19a710,prp_ae0067fe,usr_810e7b81,abstain,1.5,,2026-07-23T10:00:00+05:30,2026-08-18T10:00:00+05:30
vot_f9e36ff5,prp_28634043,usr_6dabe38f,yes,1,Fine either way.,2026-07-24T10:00:00+05:30,2026-08-18T10:00:00+05:30
vot_30d4b844,prp_28634043,usr_3127972d,no,1,,2026-08-09T10:00:00+05:30,2026-08-18T10:00:00+05:30
vot_69bed6a4,prp_28634043,usr_afaebefa,yes,1,No — too far.,2026-08-03T10:00:00+05:30,2026-08-18T10:00:00+05:30
vot_f4ece80a,prp_28634043,usr_90a46b92,yes,1,Fine either way.,2026-07-30T10:00:00+05:30,2026-08-18T10:00:00+05:30
vot_0070c64f,prp_5b62b61d,usr_0c1ce238,no,1.5,,2026-08-14T10:00:00+05:30,2026-08-18T10:00:00+05:30
vot_a4195f89,prp_5b62b61d,usr_ef2f6a43,yes,1,Strongly prefer this.,2026-08-15T10:00:00+05:30,2026-08-18T10:00:00+05:30
vot_df127e54,prp_5b62b61d,usr_b376fa1f,abstain,1,Strongly prefer this.,2026-08-14T10:00:00+05:30,2026-08-18T10:00:00+05:30
vot_579d9bd5,prp_b67a1abe,usr_7f6d27fe,no,1,,2026-08-11T10:00:00+05:30,2026-08-18T10:00:00+05:30
vot_0d0cca70,prp_b67a1abe,usr_e9e3f281,yes,1,,2026-08-07T10:00:00+05:30,2026-08-18T10:00:00+05:30
vot_719e7e6e,prp_5d63f02f,usr_aef2d4f6,yes,1,Strongly prefer this.,2026-08-04T10:00:00+05:30,2026-08-18T10:00:00+05:30
vot_02a6ba0f,prp_5d63f02f,usr_ce2e54f4,yes,1.5,,2026-07-22T10:00:00+05:30,2026-08-18T10:00:00+05:30
vot_aed7db34,prp_cca23294,usr_02b3a36d,no,1,,2026-08-10T10:00:00+05:30,2026-08-18T10:00:00+05:30
vot_a4a8b259,prp_cca23294,usr_8ed02105,yes,1.5,Fine either way.,2026-07-21T10:00:00+05:30,2026-08-18T10:00:00+05:30
vot_72ce962c,prp_8a410106,usr_4012e3f7,no,1,,2026-08-10T10:00:00+05:30,2026-08-18T10:00:00+05:30
vot_40ee3a68,prp_8a410106,usr_1217680f,yes,1,,2026-08-11T10:00:00+05:30,2026-08-18T10:00:00+05:30
vot_bd498d35,prp_c2cfb18f,usr_05fc06c6,yes,1,,2026-08-06T10:00:00+05:30,2026-08-18T10:00:00+05:30
vot_ae2588f4,prp_c2cfb18f,usr_f52d271a,yes,1,,2026-08-08T10:00:00+05:30,2026-08-18T10:00:00+05:30
vot_b2ad2948,prp_3200bf81,usr_0a7c6097,abstain,1,,2026-08-08T10:00:00+05:30,2026-08-18T10:00:00+05:30
vot_b35a7e20,prp_3200bf81,usr_55a04c8d,no,1,,2026-08-05T10:00:00+05:30,2026-08-18T10:00:00+05:30
vot_e3f49a8c,prp_3200bf81,usr_64eaee79,yes,1,Strongly prefer this.,2026-08-14T10:00:00+05:30,2026-08-18T10:00:00+05:30
vot_846d460f,prp_3200bf81,usr_b27d9336,abstain,1,,2026-07-31T10:00:00+05:30,2026-08-18T10:00:00+05:30
vot_e66fa8d7,prp_c4b0af76,usr_2433031a,no,1.5,,2026-08-10T10:00:00+05:30,2026-08-18T10:00:00+05:30
vot_51c3967a,prp_c4b0af76,usr_508f15f0,yes,1,,2026-08-06T10:00:00+05:30,2026-08-18T10:00:00+05:30
vot_2815aa61,prp_2e216752,usr_2fca7c46,yes,1,Only if we skip the museum.,2026-08-04T10:00:00+05:30,2026-08-18T10:00:00+05:30
vot_e85fe41a,prp_2e216752,usr_e6dcafe4,yes,1,,2026-07-21T10:00:00+05:30,2026-08-18T10:00:00+05:30
vot_9cfa6df0,prp_2e216752,usr_6c5b2519,yes,1.5,Strongly prefer this.,2026-08-04T10:00:00+05:30,2026-08-18T10:00:00+05:30
vot_49c7941c,prp_855e9211,usr_2da5bb04,no,1,,2026-08-04T10:00:00+05:30,2026-08-18T10:00:00+05:30
vot_367825ec,prp_855e9211,usr_2b053270,no,1.5,,2026-08-14T10:00:00+05:30,2026-08-18T10:00:00+05:30
vot_ad195430,prp_db7e223d,usr_cb3be250,abstain,1,Fine either way.,2026-08-12T10:00:00+05:30,2026-08-18T10:00:00+05:30
vot_5e7f033c,prp_db7e223d,usr_67d03584,no,1,,2026-08-01T10:00:00+05:30,2026-08-18T10:00:00+05:30
vot_134d819e,prp_db7e223d,usr_acbd09a0,no,1,,2026-07-30T10:00:00+05:30,2026-08-18T10:00:00+05:30
vot_f64cd0cf,prp_db7e223d,usr_20ea4b19,yes,1.5,Strongly prefer this.,2026-07-31T10:00:00+05:30,2026-08-18T10:00:00+05:30
vot_8f2b839b,prp_bf32c78a,usr_61710d50,no,1,Strongly prefer this.,2026-08-17T10:00:00+05:30,2026-08-18T10:00:00+05:30
vot_f1209ac9,prp_bf32c78a,usr_d17a8cab,yes,1,,2026-08-01T10:00:00+05:30,2026-08-18T10:00:00+05:30
vot_84422e19,prp_4b89b805,usr_356f993d,no,1,,2026-08-17T10:00:00+05:30,2026-08-18T10:00:00+05:30
vot_49274e06,prp_4b89b805,usr_ca0410cb,no,1.5,,2026-08-10T10:00:00+05:30,2026-08-18T10:00:00+05:30
vot_24ec0c6e,prp_4b89b805,usr_bc67142c,yes,1,,2026-08-10T10:00:00+05:30,2026-08-18T10:00:00+05:30
vot_943c2141,prp_4b89b805,usr_464e9998,no,1.5,Fine either way.,2026-08-06T10:00:00+05:30,2026-08-18T10:00:00+05:30
vot_2f0fcd4b,prp_794475ce,usr_c010ce3c,yes,1,Fine either way.,2026-08-09T10:00:00+05:30,2026-08-18T10:00:00+05:30
vot_ee02d98e,prp_794475ce,usr_322bb31e,yes,1.5,Only if we skip the museum.,2026-07-29T10:00:00+05:30,2026-08-18T10:00:00+05:30
vot_11b352c4,prp_794475ce,usr_8e89346c,yes,1,No — too far.,2026-08-14T10:00:00+05:30,2026-08-18T10:00:00+05:30
vot_5e46245b,prp_794475ce,usr_80a41666,yes,1,,2026-08-15T10:00:00+05:30,2026-08-18T10:00:00+05:30
vot_b08921a9,prp_a283f528,usr_98ca8444,yes,1,,2026-08-06T10:00:00+05:30,2026-08-18T10:00:00+05:30
vot_3627d09c,prp_a283f528,usr_52de2228,no,1.5,,2026-07-24T10:00:00+05:30,2026-08-18T10:00:00+05:30
vot_e8b7aea0,prp_b42c7fb9,usr_45175b03,yes,1,No — too far.,2026-08-13T10:00:00+05:30,2026-08-18T10:00:00+05:30
vot_993bf2a5,prp_b42c7fb9,usr_04b21637,abstain,1,Fine either way.,2026-08-02T10:00:00+05:30,2026-08-18T10:00:00+05:30
vot_6309a11a,prp_006f97ae,usr_bbd1ced8,yes,1,Fine either way.,2026-07-25T10:00:00+05:30,2026-08-18T10:00:00+05:30
vot_d8ab28d9,prp_006f97ae,usr_23811da7,no,1,Only if we skip the museum.,2026-08-16T10:00:00+05:30,2026-08-18T10:00:00+05:30
vot_0e78f83f,prp_006f97ae,usr_22a9ab26,no,1,,2026-07-21T10:00:00+05:30,2026-08-18T10:00:00+05:30
vot_6cab6a40,prp_8480b8f0,usr_ce269698,no,1,,2026-08-07T10:00:00+05:30,2026-08-18T10:00:00+05:30
vot_811153dd,prp_8480b8f0,usr_8e51dcb0,yes,1.5,,2026-07-20T10:00:00+05:30,2026-08-18T10:00:00+05:30
vot_f60defcd,prp_8480b8f0,usr_a9e888d0,yes,1,No — too far.,2026-07-29T10:00:00+05:30,2026-08-18T10:00:00+05:30
vot_2abaf624,prp_92494237,usr_ce09de03,no,1.5,,2026-08-14T10:00:00+05:30,2026-08-18T10:00:00+05:30
vot_ec797257,prp_92494237,usr_47d7ab5a,no,1,,2026-08-04T10:00:00+05:30,2026-08-18T10:00:00+05:30
vot_8ed89630,prp_b1f64a2a,usr_0e9166f0,yes,1,Only if we skip the museum.,2026-08-10T10:00:00+05:30,2026-08-18T10:00:00+05:30
vot_6cc9bfb4,prp_b1f64a2a,usr_d89a1dce,yes,1,,2026-08-15T10:00:00+05:30,2026-08-18T10:00:00+05:30
vot_e2b3dd3f,prp_b1f64a2a,usr_be1c9458,no,1.5,Strongly prefer this.,2026-08-15T10:00:00+05:30,2026-08-18T10:00:00+05:30
vot_7969a0ed,prp_fed0eff7,usr_9181bfe3,yes,1,,2026-08-03T10:00:00+05:30,2026-08-18T10:00:00+05:30
vot_645bd3d1,prp_fed0eff7,usr_172e9767,no,1,,2026-08-16T10:00:00+05:30,2026-08-18T10:00:00+05:30
vot_a51ae5ab,prp_fed0eff7,usr_12ad5ebd,no,1,,2026-08-07T10:00:00+05:30,2026-08-18T10:00:00+05:30
vot_a494aba8,prp_fed0eff7,usr_5e9a11a1,yes,1.5,,2026-08-06T10:00:00+05:30,2026-08-18T10:00:00+05:30
vot_0d2ce5a0,prp_a3780785,usr_2182a4d3,no,1.5,,2026-08-02T10:00:00+05:30,2026-08-18T10:00:00+05:30
vot_479ba979,prp_a3780785,usr_7da99ef5,yes,1,No — too far.,2026-08-13T10:00:00+05:30,2026-08-18T10:00:00+05:30
vot_9c73d20e,prp_a3780785,usr_7b03ee88,yes,1,Fine either way.,2026-08-13T10:00:00+05:30,2026-08-18T10:00:00+05:30
vot_4a3d2880,prp_fc58c269,usr_c94b68cc,yes,1,,2026-07-26T10:00:00+05:30,2026-08-18T10:00:00+05:30
vot_edddd486,prp_fc58c269,usr_05e40dfc,no,1.5,,2026-07-22T10:00:00+05:30,2026-08-18T10:00:00+05:30
vot_cac329ed,prp_fc58c269,usr_e5bfa6cd,yes,1.5,Strongly prefer this.,2026-07-22T10:00:00+05:30,2026-08-18T10:00:00+05:30
vot_7c4f1e82,prp_fc58c269,usr_edf2bbfa,yes,1,,2026-08-07T10:00:00+05:30,2026-08-18T10:00:00+05:30
vot_d7f62d74,prp_a6af81c4,usr_5e4aa2d9,no,1,,2026-08-03T10:00:00+05:30,2026-08-18T10:00:00+05:30
vot_a44a20b6,prp_a6af81c4,usr_c4dc3602,abstain,1,,2026-08-01T10:00:00+05:30,2026-08-18T10:00:00+05:30
vot_1726d0cd,prp_5f934f07,usr_0ae483ef,yes,1,Strongly prefer this.,2026-07-23T10:00:00+05:30,2026-08-18T10:00:00+05:30
vot_c3292673,prp_5f934f07,usr_edf2bbfa,abstain,1,,2026-07-25T10:00:00+05:30,2026-08-18T10:00:00+05:30
vot_7a284a88,prp_5f934f07,usr_e7b2dd09,yes,1.5,,2026-07-26T10:00:00+05:30,2026-08-18T10:00:00+05:30
vot_904e3148,prp_a9c05ff2,usr_71852a92,no,1,No — too far.,2026-07-31T10:00:00+05:30,2026-08-18T10:00:00+05:30
vot_f0792d59,prp_a9c05ff2,usr_e5b92b52,yes,1,,2026-08-03T10:00:00+05:30,2026-08-18T10:00:00+05:30
vot_047034a5,prp_8d4a44fd,usr_d6801dce,yes,1.5,Strongly prefer this.,2026-07-30T10:00:00+05:30,2026-08-18T10:00:00+05:30
vot_30b4bbbb,prp_8d4a44fd,usr_fa851b11,no,1.5,Strongly prefer this.,2026-07-21T10:00:00+05:30,2026-08-18T10:00:00+05:30
vot_ee2ed469,prp_8d4a44fd,usr_bedf358a,yes,1,No — too far.,2026-08-01T10:00:00+05:30,2026-08-18T10:00:00+05:30
vot_a327425f,prp_d7f1d679,usr_5f5edf0f,yes,1,,2026-08-16T10:00:00+05:30,2026-08-18T10:00:00+05:30
vot_061826d3,prp_d7f1d679,usr_322fb6cb,no,1,Strongly prefer this.,2026-08-16T10:00:00+05:30,2026-08-18T10:00:00+05:30
vot_dc11756e,prp_45ec5348,usr_2433031a,no,1,,2026-07-26T10:00:00+05:30,2026-08-18T10:00:00+05:30
vot_294e5c36,prp_45ec5348,usr_0cae1422,yes,1,Strongly prefer this.,2026-07-24T10:00:00+05:30,2026-08-18T10:00:00+05:30
vot_37ba15b3,prp_45ec5348,usr_55abb9bc,yes,1,,2026-07-20T10:00:00+05:30,2026-08-18T10:00:00+05:30
vot_ca493095,prp_45ec5348,usr_d3acd59c,no,1,,2026-07-22T10:00:00+05:30,2026-08-18T10:00:00+05:30
vot_bfa02ca4,prp_f86d75af,usr_fcd9bdf6,no,1,,2026-08-09T10:00:00+05:30,2026-08-18T10:00:00+05:30
vot_86dae347,prp_f86d75af,usr_fedbd227,yes,1,,2026-07-26T10:00:00+05:30,2026-08-18T10:00:00+05:30
vot_18ffeac9,prp_f86d75af,usr_ce38459a,yes,1.5,Fine either way.,2026-07-30T10:00:00+05:30,2026-08-18T10:00:00+05:30
vot_e9183dca,prp_e885c1ca,usr_14c698db,yes,1.5,No — too far.,2026-07-28T10:00:00+05:30,2026-08-18T10:00:00+05:30
vot_e6f9c150,prp_e885c1ca,usr_6be041f5,yes,1,,2026-07-22T10:00:00+05:30,2026-08-18T10:00:00+05:30
vot_38d4617f,prp_e885c1ca,usr_9ae9cbcb,yes,1,,2026-08-11T10:00:00+05:30,2026-08-18T10:00:00+05:30
vot_c53b60d3,prp_56b2be64,usr_05306731,yes,1,Fine either way.,2026-08-12T10:00:00+05:30,2026-08-18T10:00:00+05:30
vot_13e4ec62,prp_56b2be64,usr_e2966606,no,1,,2026-08-12T10:00:00+05:30,2026-08-18T10:00:00+05:30
vot_287afdab,prp_1e65b105,usr_18b5561e,yes,1,Only if we skip the museum.,2026-07-20T10:00:00+05:30,2026-08-18T10:00:00+05:30
vot_4211c4a0,prp_1e65b105,usr_5638f607,no,1.5,,2026-07-20T10:00:00+05:30,2026-08-18T10:00:00+05:30
vot_e455cd15,prp_1e65b105,usr_de0e4344,yes,1.5,No — too far.,2026-08-10T10:00:00+05:30,2026-08-18T10:00:00+05:30
vot_1892f9be,prp_1e65b105,usr_9115fc7c,no,1,,2026-07-25T10:00:00+05:30,2026-08-18T10:00:00+05:30
vot_becaf64a,prp_28bca45f,usr_bc9d20fa,no,1,Only if we skip the museum.,2026-07-20T10:00:00+05:30,2026-08-18T10:00:00+05:30
vot_252c23be,prp_28bca45f,usr_d3cf0a5d,yes,1.5,,2026-08-09T10:00:00+05:30,2026-08-18T10:00:00+05:30
vot_9ca3b6dc,prp_28bca45f,usr_b5327682,yes,1,,2026-07-21T10:00:00+05:30,2026-08-18T10:00:00+05:30
vot_4d96d58b,prp_28bca45f,usr_0f11ccce,no,1,,2026-07-22T10:00:00+05:30,2026-08-18T10:00:00+05:30
vot_48d23b85,prp_28bc0efd,usr_e21b6644,abstain,1,,2026-07-29T10:00:00+05:30,2026-08-18T10:00:00+05:30
vot_aa5ee61c,prp_28bc0efd,usr_55b114d5,yes,1,,2026-07-20T10:00:00+05:30,2026-08-18T10:00:00+05:30
vot_6bf540de,prp_06254c76,usr_451855a4,yes,1,,2026-08-02T10:00:00+05:30,2026-08-18T10:00:00+05:30
vot_9a2e91a6,prp_06254c76,usr_8e89346c,yes,1,Fine either way.,2026-08-13T10:00:00+05:30,2026-08-18T10:00:00+05:30
vot_e7fcb96c,prp_06254c76,usr_9473419d,no,1.5,Fine either way.,2026-07-30T10:00:00+05:30,2026-08-18T10:00:00+05:30
vot_13aec8c4,prp_1565caa4,usr_3495d8ed,no,1,,2026-08-13T10:00:00+05:30,2026-08-18T10:00:00+05:30
vot_c32ee291,prp_1565caa4,usr_353c55a8,no,1,Fine either way.,2026-07-21T10:00:00+05:30,2026-08-18T10:00:00+05:30
vot_6eb77fd9,prp_c1ca0b81,usr_aefdae86,no,1,,2026-07-29T10:00:00+05:30,2026-08-18T10:00:00+05:30
vot_8d3d5607,prp_c1ca0b81,usr_569f1f22,no,1,,2026-08-09T10:00:00+05:30,2026-08-18T10:00:00+05:30
vot_a41966f1,prp_c1ca0b81,usr_60c3a39a,yes,1,Strongly prefer this.,2026-08-01T10:00:00+05:30,2026-08-18T10:00:00+05:30
vot_cf00d9d7,prp_c1ca0b81,usr_1ef037a0,abstain,1,,2026-07-25T10:00:00+05:30,2026-08-18T10:00:00+05:30
vot_0f04f4e1,prp_4f31896d,usr_3c2f4109,yes,1,,2026-07-20T10:00:00+05:30,2026-08-18T10:00:00+05:30
vot_94814765,prp_4f31896d,usr_96a8d3c5,abstain,1,Only if we skip the museum.,2026-07-21T10:00:00+05:30,2026-08-18T10:00:00+05:30
vot_02d5e9e4,prp_4f31896d,usr_d8cab59f,no,1,,2026-08-04T10:00:00+05:30,2026-08-18T10:00:00+05:30
vot_1a7c3b94,prp_f05bb784,usr_52de2228,yes,1,,2026-07-23T10:00:00+05:30,2026-08-18T10:00:00+05:30
vot_8cf0625e,prp_f05bb784,usr_35d340e3,abstain,1,Strongly prefer this.,2026-08-12T10:00:00+05:30,2026-08-18T10:00:00+05:30
vot_0fd465eb,prp_d5db1cd1,usr_8f81432c,yes,1,,2026-08-15T10:00:00+05:30,2026-08-18T10:00:00+05:30
vot_f3e02c9f,prp_d5db1cd1,usr_78afc45f,yes,1,,2026-07-27T10:00:00+05:30,2026-08-18T10:00:00+05:30
vot_fe98043a,prp_0b40ae23,usr_6c3fae7b,yes,1,Only if we skip the museum.,2026-08-03T10:00:00+05:30,2026-08-18T10:00:00+05:30
vot_877f56e7,prp_0b40ae23,usr_df77fb8e,no,1,,2026-07-29T10:00:00+05:30,2026-08-18T10:00:00+05:30
vot_88728977,prp_0b40ae23,usr_8e272905,abstain,1,,2026-08-12T10:00:00+05:30,2026-08-18T10:00:00+05:30
vot_f51fcec8,prp_e652837e,usr_aa216995,abstain,1.5,,2026-08-13T10:00:00+05:30,2026-08-18T10:00:00+05:30
vot_8c9d0b6e,prp_e652837e,usr_cdc31bd3,no,1,,2026-08-02T10:00:00+05:30,2026-08-18T10:00:00+05:30
vot_69840586,prp_e652837e,usr_5bbebfef,no,1,,2026-07-29T10:00:00+05:30,2026-08-18T10:00:00+05:30
vot_746a4b19,prp_e652837e,usr_95492664,abstain,1,,2026-07-29T10:00:00+05:30,2026-08-18T10:00:00+05:30
vot_21994fd5,prp_6ed7fa9d,usr_749f5098,yes,1,,2026-08-06T10:00:00+05:30,2026-08-18T10:00:00+05:30
vot_a885ca90,prp_6ed7fa9d,usr_7edfea3c,no,1,,2026-08-07T10:00:00+05:30,2026-08-18T10:00:00+05:30
vot_90c2fd69,prp_6ed7fa9d,usr_7fa0a9c6,no,1,,2026-08-17T10:00:00+05:30,2026-08-18T10:00:00+05:30
vot_5e8ced73,prp_6ed7fa9d,usr_7f9533ad,yes,1,,2026-07-27T10:00:00+05:30,2026-08-18T10:00:00+05:30
vot_a9874aaa,prp_4736ac70,usr_108e6f0f,yes,1,Strongly prefer this.,2026-07-31T10:00:00+05:30,2026-08-18T10:00:00+05:30
vot_3681630b,prp_4736ac70,usr_5d24ab68,yes,1.5,,2026-08-13T10:00:00+05:30,2026-08-18T10:00:00+05:30
vot_6e55babf,prp_4736ac70,usr_c8ada8bd,no,1.5,,2026-08-08T10:00:00+05:30,2026-08-18T10:00:00+05:30
vot_66393fc0,prp_c8b93052,usr_87b11a4d,yes,1,,2026-07-29T10:00:00+05:30,2026-08-18T10:00:00+05:30
vot_ef369cc8,prp_c8b93052,usr_d1c73fb8,yes,1,,2026-08-17T10:00:00+05:30,2026-08-18T10:00:00+05:30
vot_b9b3e3fc,prp_c8b93052,usr_ee57ec9a,no,1,,2026-08-01T10:00:00+05:30,2026-08-18T10:00:00+05:30
vot_5b14829e,prp_a8d4af25,usr_2808d36a,yes,1,Strongly prefer this.,2026-07-29T10:00:00+05:30,2026-08-18T10:00:00+05:30
vot_aa8c8677,prp_a8d4af25,usr_6bf6f0c2,yes,1.5,Strongly prefer this.,2026-08-04T10:00:00+05:30,2026-08-18T10:00:00+05:30
vot_081f05e2,prp_a080f1b7,usr_48f9bd76,yes,1,,2026-08-05T10:00:00+05:30,2026-08-18T10:00:00+05:30
vot_60846a07,prp_a080f1b7,usr_acbd09a0,yes,1,Only if we skip the museum.,2026-08-10T10:00:00+05:30,2026-08-18T10:00:00+05:30
vot_b91d1cb3,prp_a080f1b7,usr_22e61dad,no,1.5,,2026-07-23T10:00:00+05:30,2026-08-18T10:00:00+05:30
vot_67681ffa,prp_e307796e,usr_ada33731,abstain,1.5,Fine either way.,2026-07-20T10:00:00+05:30,2026-08-18T10:00:00+05:30
vot_97ccea41,prp_e307796e,usr_14c698db,yes,1,,2026-07-31T10:00:00+05:30,2026-08-18T10:00:00+05:30
vot_f54eccd0,prp_e307796e,usr_e5bfa6cd,no,1,,2026-08-10T10:00:00+05:30,2026-08-18T10:00:00+05:30
vot_c382d477,prp_556782d3,usr_8ff59c1a,yes,1,,2026-08-02T10:00:00+05:30,2026-08-18T10:00:00+05:30
vot_67eea7f2,prp_556782d3,usr_32a5a217,no,1,,2026-07-28T10:00:00+05:30,2026-08-18T10:00:00+05:30
vot_c09bc8b1,prp_556782d3,usr_065fbc7f,yes,1,,2026-07-26T10:00:00+05:30,2026-08-18T10:00:00+05:30
vot_ed1cc1ae,prp_680bf270,usr_ece2ab24,yes,1.5,,2026-07-25T10:00:00+05:30,2026-08-18T10:00:00+05:30
vot_1711fb6f,prp_680bf270,usr_492b38ba,yes,1.5,,2026-08-09T10:00:00+05:30,2026-08-18T10:00:00+05:30
vot_e10167a7,prp_33d730e6,usr_c3040a68,yes,1.5,Fine either way.,2026-08-08T10:00:00+05:30,2026-08-18T10:00:00+05:30
vot_adf56970,prp_33d730e6,usr_ee6409a7,yes,1.5,,2026-07-25T10:00:00+05:30,2026-08-18T10:00:00+05:30
vot_8409b88c,prp_33d730e6,usr_6f068e43,yes,1,,2026-07-28T10:00:00+05:30,2026-08-18T10:00:00+05:30
vot_75b1f42d,prp_33d730e6,usr_37079a82,yes,1,,2026-08-06T10:00:00+05:30,2026-08-18T10:00:00+05:30
vot_710c1b61,prp_898b6972,usr_c9451968,yes,1.5,,2026-08-01T10:00:00+05:30,2026-08-18T10:00:00+05:30
vot_110ef834,prp_898b6972,usr_bff7bdb8,yes,1.5,,2026-08-05T10:00:00+05:30,2026-08-18T10:00:00+05:30
vot_771f1649,prp_b6a44052,usr_5b790166,yes,1,,2026-07-30T10:00:00+05:30,2026-08-18T10:00:00+05:30
vot_3b530d99,prp_b6a44052,usr_7b318031,yes,1.5,Strongly prefer this.,2026-08-11T10:00:00+05:30,2026-08-18T10:00:00+05:30
vot_d82bc737,prp_b6a44052,usr_cb3be250,abstain,1,Only if we skip the museum.,2026-07-20T10:00:00+05:30,2026-08-18T10:00:00+05:30
vot_f2a3b257,prp_b6a44052,usr_4bf78f59,yes,1,Fine either way.,2026-07-31T10:00:00+05:30,2026-08-18T10:00:00+05:30
vot_6dac6280,prp_b0a58296,usr_e6863416,yes,1,Strongly prefer this.,2026-07-31T10:00:00+05:30,2026-08-18T10:00:00+05:30
vot_e91af428,prp_b0a58296,usr_7b4006b0,no,1,,2026-08-02T10:00:00+05:30,2026-08-18T10:00:00+05:30
vot_e95f8034,prp_f1e10c13,usr_866a8f33,yes,1,,2026-08-09T10:00:00+05:30,2026-08-18T10:00:00+05:30
vot_bcb08ae0,prp_f1e10c13,usr_51275e79,yes,1,,2026-07-31T10:00:00+05:30,2026-08-18T10:00:00+05:30
vot_17cc1243,prp_9ac8fe9b,usr_2162d6ff,yes,1,,2026-07-29T10:00:00+05:30,2026-08-18T10:00:00+05:30
vot_d0240f61,prp_9ac8fe9b,usr_268fdb85,no,1,,2026-07-23T10:00:00+05:30,2026-08-18T10:00:00+05:30
vot_31750a75,prp_9ac8fe9b,usr_86b17c0e,abstain,1,,2026-07-30T10:00:00+05:30,2026-08-18T10:00:00+05:30
vot_bacec576,prp_be6fe96f,usr_14ca6dc1,yes,1,Fine either way.,2026-08-12T10:00:00+05:30,2026-08-18T10:00:00+05:30
vot_12f9fd21,prp_be6fe96f,usr_1bd9093b,yes,1,Only if we skip the museum.,2026-08-17T10:00:00+05:30,2026-08-18T10:00:00+05:30
vot_4b8b2041,prp_be6fe96f,usr_44604a9d,yes,1,Fine either way.,2026-08-06T10:00:00+05:30,2026-08-18T10:00:00+05:30
vot_2390afa2,prp_16e0326c,usr_e851fdeb,yes,1,,2026-07-29T10:00:00+05:30,2026-08-18T10:00:00+05:30
vot_892728cf,prp_16e0326c,usr_9e6dc4d3,yes,1,,2026-08-13T10:00:00+05:30,2026-08-18T10:00:00+05:30
vot_70aaffc3,prp_0b99abcc,usr_6498a0a8,no,1,,2026-08-15T10:00:00+05:30,2026-08-18T10:00:00+05:30
vot_5701427d,prp_0b99abcc,usr_fd8f7b49,no,1,Fine either way.,2026-08-02T10:00:00+05:30,2026-08-18T10:00:00+05:30
vot_a435f2a0,prp_0b99abcc,usr_045378e4,yes,1,,2026-07-28T10:00:00+05:30,2026-08-18T10:00:00+05:30
vot_5931cdba,prp_77cf5452,usr_aacb82b1,yes,1,,2026-08-02T10:00:00+05:30,2026-08-18T10:00:00+05:30
vot_9d5f9971,prp_77cf5452,usr_42dc4da4,abstain,1,Strongly prefer this.,2026-07-31T10:00:00+05:30,2026-08-18T10:00:00+05:30
vot_5cdd327d,prp_ae7849b8,usr_6edece59,no,1.5,No — too far.,2026-07-26T10:00:00+05:30,2026-08-18T10:00:00+05:30
vot_e12b511c,prp_ae7849b8,usr_0b8f3bdc,yes,1,,2026-08-07T10:00:00+05:30,2026-08-18T10:00:00+05:30
vot_049357d0,prp_ae7849b8,usr_79248234,yes,1,Strongly prefer this.,2026-07-27T10:00:00+05:30,2026-08-18T10:00:00+05:30
vot_df7cb03f,prp_ae7849b8,usr_58d2b52f,no,1.5,Only if we skip the museum.,2026-08-08T10:00:00+05:30,2026-08-18T10:00:00+05:30
vot_38ee56f5,prp_76f310cb,usr_6361ffdd,abstain,1.5,,2026-08-11T10:00:00+05:30,2026-08-18T10:00:00+05:30
vot_8586c44a,prp_76f310cb,usr_8b3ba681,abstain,1.5,Strongly prefer this.,2026-08-06T10:00:00+05:30,2026-08-18T10:00:00+05:30
vot_cbf5b1a4,prp_3a0ba250,usr_5f22c672,abstain,1,Only if we skip the museum.,2026-08-08T10:00:00+05:30,2026-08-18T10:00:00+05:30
vot_12e60127,prp_3a0ba250,usr_40edb5af,no,1,,2026-08-17T10:00:00+05:30,2026-08-18T10:00:00+05:30
vot_7ae3b997,prp_e8cec911,usr_8ddbc4ab,yes,1.5,,2026-07-22T10:00:00+05:30,2026-08-18T10:00:00+05:30
vot_bb000309,prp_e8cec911,usr_5307f01f,yes,1,Strongly prefer this.,2026-07-28T10:00:00+05:30,2026-08-18T10:00:00+05:30
vot_dd4dfc20,prp_e8cec911,usr_e10845c8,no,1,,2026-08-05T10:00:00+05:30,2026-08-18T10:00:00+05:30
vot_20cca5f2,prp_e8cec911,usr_34f98272,yes,1,Strongly prefer this.,2026-08-06T10:00:00+05:30,2026-08-18T10:00:00+05:30
vot_36a77f20,prp_68368ebc,usr_d7bc2e8d,no,1,Only if we skip the museum.,2026-08-05T10:00:00+05:30,2026-08-18T10:00:00+05:30
vot_1d09c7b7,prp_68368ebc,usr_e076a69d,no,1,,2026-08-05T10:00:00+05:30,2026-08-18T10:00:00+05:30
vot_d2f462f4,prp_68368ebc,usr_c0926c78,yes,1,,2026-07-30T10:00:00+05:30,2026-08-18T10:00:00+05:30
vot_f7f200f6,prp_68368ebc,usr_6d4dd52b,yes,1.5,Strongly prefer this.,2026-07-20T10:00:00+05:30,2026-08-18T10:00:00+05:30
vot_8440eb09,prp_d5765c85,usr_c94b68cc,abstain,1,Strongly prefer this.,2026-07-25T10:00:00+05:30,2026-08-18T10:00:00+05:30
vot_ce011f48,prp_d5765c85,usr_c24f45f3,yes,1,,2026-08-13T10:00:00+05:30,2026-08-18T10:00:00+05:30
vot_e93b6119,prp_d5765c85,usr_b829ab46,no,1,,2026-07-24T10:00:00+05:30,2026-08-18T10:00:00+05:30
vot_974acb12,prp_d5765c85,usr_4d83499f,no,1,Fine either way.,2026-07-31T10:00:00+05:30,2026-08-18T10:00:00+05:30
vot_d2424713,prp_4140a7e7,usr_bac1ae76,yes,1,,2026-08-17T10:00:00+05:30,2026-08-18T10:00:00+05:30
vot_16bd2565,prp_4140a7e7,usr_2182a4d3,no,1,,2026-08-15T10:00:00+05:30,2026-08-18T10:00:00+05:30
vot_44732b26,prp_6044ad3e,usr_d3acd59c,yes,1,Only if we skip the museum.,2026-08-15T10:00:00+05:30,2026-08-18T10:00:00+05:30
vot_58ba79fe,prp_6044ad3e,usr_4b816f33,yes,1.5,,2026-08-10T10:00:00+05:30,2026-08-18T10:00:00+05:30
vot_29f9875f,prp_0ececf3f,usr_8846d546,abstain,1,,2026-08-02T10:00:00+05:30,2026-08-18T10:00:00+05:30
vot_651aca81,prp_0ececf3f,usr_0021edc6,yes,1,No — too far.,2026-07-25T10:00:00+05:30,2026-08-18T10:00:00+05:30
vot_ee264f79,prp_0ececf3f,usr_b2adbbfa,yes,1.5,No — too far.,2026-08-01T10:00:00+05:30,2026-08-18T10:00:00+05:30
vot_3e52db67,prp_2ad10911,usr_cb3be250,yes,1,Only if we skip the museum.,2026-08-04T10:00:00+05:30,2026-08-18T10:00:00+05:30
vot_0bfa0ca4,prp_2ad10911,usr_50bcfb30,yes,1,Only if we skip the museum.,2026-08-02T10:00:00+05:30,2026-08-18T10:00:00+05:30
vot_1a6c25ff,prp_2ad10911,usr_4420259c,yes,1,,2026-08-06T10:00:00+05:30,2026-08-18T10:00:00+05:30
vot_cf34e443,prp_2ad10911,usr_96740172,yes,1,,2026-08-17T10:00:00+05:30,2026-08-18T10:00:00+05:30
vot_a85cc40e,prp_4b076353,usr_0389057b,no,1,Only if we skip the museum.,2026-07-22T10:00:00+05:30,2026-08-18T10:00:00+05:30
vot_01c4adc0,prp_4b076353,usr_a370271a,yes,1,No — too far.,2026-07-31T10:00:00+05:30,2026-08-18T10:00:00+05:30
vot_f00da545,prp_7ae2382b,usr_7a1346e6,yes,1,,2026-08-10T10:00:00+05:30,2026-08-18T10:00:00+05:30
vot_71ea2244,prp_7ae2382b,usr_3ee2992a,yes,1,,2026-07-24T10:00:00+05:30,2026-08-18T10:00:00+05:30
vot_3e62c8e6,prp_7ae2382b,usr_1f3d6d92,yes,1.5,Fine either way.,2026-07-27T10:00:00+05:30,2026-08-18T10:00:00+05:30
vot_084decfa,prp_5dd1bb30,usr_60cacdee,yes,1,Fine either way.,2026-08-04T10:00:00+05:30,2026-08-18T10:00:00+05:30
vot_72c7b929,prp_5dd1bb30,usr_8eb4e3e7,no,1,No — too far.,2026-08-15T10:00:00+05:30,2026-08-18T10:00:00+05:30
vot_d748ce96,prp_5dd1bb30,usr_dab475d1,abstain,1,,2026-08-14T10:00:00+05:30,2026-08-18T10:00:00+05:30
vot_2e673a13,prp_5dd1bb30,usr_b86dd891,yes,1,,2026-07-30T10:00:00+05:30,2026-08-18T10:00:00+05:30
vot_214ed29a,prp_653e72ab,usr_7b03ee88,no,1,,2026-07-23T10:00:00+05:30,2026-08-18T10:00:00+05:30
vot_48b49aa3,prp_653e72ab,usr_72d88a70,no,1,Strongly prefer this.,2026-07-24T10:00:00+05:30,2026-08-18T10:00:00+05:30
vot_7194ed4f,prp_653e72ab,usr_65303113,yes,1,Fine either way.,2026-08-13T10:00:00+05:30,2026-08-18T10:00:00+05:30
vot_e34fca51,prp_62176990,usr_e95757cb,yes,1,,2026-07-20T10:00:00+05:30,2026-08-18T10:00:00+05:30
vot_f3df3cc8,prp_62176990,usr_c46032f3,yes,1,,2026-07-21T10:00:00+05:30,2026-08-18T10:00:00+05:30
vot_11e06593,prp_62176990,usr_ef82139e,yes,1,,2026-08-07T10:00:00+05:30,2026-08-18T10:00:00+05:30
vot_8c4122a1,prp_308fdda9,usr_ab81846d,no,1,,2026-08-13T10:00:00+05:30,2026-08-18T10:00:00+05:30
vot_7b370f24,prp_308fdda9,usr_e851fdeb,no,1,No — too far.,2026-07-22T10:00:00+05:30,2026-08-18T10:00:00+05:30
vot_31d7f30d,prp_96528d2a,usr_76c235d5,yes,1,No — too far.,2026-07-23T10:00:00+05:30,2026-08-18T10:00:00+05:30
vot_43bd0670,prp_96528d2a,usr_f23dc3eb,abstain,1.5,,2026-07-23T10:00:00+05:30,2026-08-18T10:00:00+05:30
vot_bf0ef4da,prp_6242d51a,usr_13d8f6bd,no,1,,2026-07-26T10:00:00+05:30,2026-08-18T10:00:00+05:30
vot_8525eaf2,prp_6242d51a,usr_b2c6fdd5,yes,1,,2026-08-16T10:00:00+05:30,2026-08-18T10:00:00+05:30
vot_d4c4e43e,prp_6242d51a,usr_e3b9431c,yes,1,,2026-08-17T10:00:00+05:30,2026-08-18T10:00:00+05:30
vot_9f64a526,prp_6242d51a,usr_98212b28,no,1,,2026-07-21T10:00:00+05:30,2026-08-18T10:00:00+05:30
vot_46c4f8bc,prp_3b2bdd43,usr_f8162b43,abstain,1.5,Fine either way.,2026-08-09T10:00:00+05:30,2026-08-18T10:00:00+05:30
vot_a21ed789,prp_3b2bdd43,usr_373b76a9,yes,1.5,No — too far.,2026-07-24T10:00:00+05:30,2026-08-18T10:00:00+05:30
vot_0b0f79ad,prp_d3c8e014,usr_053e7434,no,1,,2026-08-03T10:00:00+05:30,2026-08-18T10:00:00+05:30
vot_22dbfdb0,prp_d3c8e014,usr_520d9624,no,1.5,,2026-07-24T10:00:00+05:30,2026-08-18T10:00:00+05:30
vot_7f6d32e8,prp_4e759e4f,usr_538f6e20,no,1,No — too far.,2026-08-08T10:00:00+05:30,2026-08-18T10:00:00+05:30
vot_dd30850a,prp_4e759e4f,usr_942658c9,no,1,Strongly prefer this.,2026-08-08T10:00:00+05:30,2026-08-18T10:00:00+05:30
vot_b5d96d77,prp_9e15c570,usr_60c3a39a,no,1,,2026-08-01T10:00:00+05:30,2026-08-18T10:00:00+05:30
vot_a7f9412a,prp_9e15c570,usr_74ed32ff,no,1,,2026-07-28T10:00:00+05:30,2026-08-18T10:00:00+05:30
vot_f9113ac3,prp_9e15c570,usr_d0d42055,yes,1,,2026-07-20T10:00:00+05:30,2026-08-18T10:00:00+05:30
vot_c4847ad2,prp_9e15c570,usr_a0f188fa,yes,1.5,Only if we skip the museum.,2026-08-10T10:00:00+05:30,2026-08-18T10:00:00+05:30
vot_f8d28e8b,prp_a20d5ca6,usr_4cb26745,yes,1,Strongly prefer this.,2026-08-05T10:00:00+05:30,2026-08-18T10:00:00+05:30
vot_dce69973,prp_a20d5ca6,usr_de5d9e34,yes,1,No — too far.,2026-07-24T10:00:00+05:30,2026-08-18T10:00:00+05:30
vot_0901398d,prp_a20d5ca6,usr_abeaa148,no,1,No — too far.,2026-08-16T10:00:00+05:30,2026-08-18T10:00:00+05:30
vot_6da9b047,prp_a20d5ca6,usr_e10845c8,yes,1,Strongly prefer this.,2026-08-05T10:00:00+05:30,2026-08-18T10:00:00+05:30
vot_ab067591,prp_139067e8,usr_b021d103,yes,1,,2026-08-05T10:00:00+05:30,2026-08-18T10:00:00+05:30
vot_24bfe5fc,prp_139067e8,usr_f94cda41,yes,1,,2026-08-03T10:00:00+05:30,2026-08-18T10:00:00+05:30
vot_8e467625,prp_3cc163a3,usr_72dfb712,no,1,,2026-08-05T10:00:00+05:30,2026-08-18T10:00:00+05:30
vot_3dd8f424,prp_3cc163a3,usr_949a215d,no,1,No — too far.,2026-07-31T10:00:00+05:30,2026-08-18T10:00:00+05:30
vot_9998dd17,prp_3cc163a3,usr_ce9ee3ae,yes,1,,2026-08-14T10:00:00+05:30,2026-08-18T10:00:00+05:30
vot_de37c8cd,prp_41d8f5c7,usr_7da389be,no,1,,2026-07-24T10:00:00+05:30,2026-08-18T10:00:00+05:30
vot_1695ea18,prp_41d8f5c7,usr_f6728ccc,yes,1,,2026-08-06T10:00:00+05:30,2026-08-18T10:00:00+05:30
vot_fb5fa46a,prp_41d8f5c7,usr_b357f73c,no,1,,2026-08-04T10:00:00+05:30,2026-08-18T10:00:00+05:30
vot_72a9d658,prp_7398b831,usr_52257a0a,no,1.5,,2026-07-25T10:00:00+05:30,2026-08-18T10:00:00+05:30
vot_168b7ad7,prp_7398b831,usr_56e18e71,no,1.5,Strongly prefer this.,2026-07-30T10:00:00+05:30,2026-08-18T10:00:00+05:30
vot_fc58c587,prp_7398b831,usr_9473419d,no,1,,2026-08-10T10:00:00+05:30,2026-08-18T10:00:00+05:30
vot_456694c9,prp_423b50bc,usr_82545d82,no,1,,2026-08-09T10:00:00+05:30,2026-08-18T10:00:00+05:30
vot_1d24359b,prp_423b50bc,usr_fa3a9dd6,yes,1,,2026-08-02T10:00:00+05:30,2026-08-18T10:00:00+05:30
vot_dfe290e4,prp_423b50bc,usr_0eb7982c,yes,1,,2026-07-26T10:00:00+05:30,2026-08-18T10:00:00+05:30
vot_9b7ee9f1,prp_423b50bc,usr_98ca8444,no,1,Only if we skip the museum.,2026-07-28T10:00:00+05:30,2026-08-18T10:00:00+05:30
vot_9bbe0447,prp_beb2be02,usr_157e58e7,no,1,Only if we skip the museum.,2026-08-04T10:00:00+05:30,2026-08-18T10:00:00+05:30
vot_9a15033b,prp_beb2be02,usr_13f77754,yes,1,No — too far.,2026-08-15T10:00:00+05:30,2026-08-18T10:00:00+05:30
vot_132ad62c,prp_beb2be02,usr_55b114d5,yes,1,Strongly prefer this.,2026-07-23T10:00:00+05:30,2026-08-18T10:00:00+05:30
vot_fc6734c7,prp_a7d9b1ef,usr_62a77a41,yes,1,,2026-07-23T10:00:00+05:30,2026-08-18T10:00:00+05:30
vot_87f50f1b,prp_a7d9b1ef,usr_651a4d17,yes,1,Fine either way.,2026-07-29T10:00:00+05:30,2026-08-18T10:00:00+05:30
vot_60a4fbf2,prp_0435cb3f,usr_1805266d,yes,1.5,,2026-07-28T10:00:00+05:30,2026-08-18T10:00:00+05:30
vot_caa48e76,prp_0435cb3f,usr_2bd5e70b,yes,1,No — too far.,2026-07-20T10:00:00+05:30,2026-08-18T10:00:00+05:30
vot_c65a1e30,prp_2e319f58,usr_cb3be250,no,1,,2026-07-23T10:00:00+05:30,2026-08-18T10:00:00+05:30
vot_da973a12,prp_2e319f58,usr_3190040f,yes,1,No — too far.,2026-08-10T10:00:00+05:30,2026-08-18T10:00:00+05:30
vot_d715fcf9,prp_2e319f58,usr_8a0aaa50,yes,1,Only if we skip the museum.,2026-08-11T10:00:00+05:30,2026-08-18T10:00:00+05:30
vot_88046e23,prp_78c3d787,usr_21fe0c1f,yes,1,,2026-08-17T10:00:00+05:30,2026-08-18T10:00:00+05:30
vot_765a0030,prp_78c3d787,usr_756ce6b3,no,1,,2026-07-27T10:00:00+05:30,2026-08-18T10:00:00+05:30
vot_9eb7e338,prp_78c3d787,usr_373b76a9,yes,1,Only if we skip the museum.,2026-07-22T10:00:00+05:30,2026-08-18T10:00:00+05:30
vot_24fa32ed,prp_4ca2b587,usr_85c09ee4,no,1,,2026-07-30T10:00:00+05:30,2026-08-18T10:00:00+05:30
vot_c8551975,prp_4ca2b587,usr_e528f9b0,no,1,,2026-08-03T10:00:00+05:30,2026-08-18T10:00:00+05:30
vot_a3b9325d,prp_1f3b73df,usr_0af476d1,no,1,No — too far.,2026-07-25T10:00:00+05:30,2026-08-18T10:00:00+05:30
vot_4f85d533,prp_1f3b73df,usr_1af66a73,no,1,,2026-08-14T10:00:00+05:30,2026-08-18T10:00:00+05:30
vot_27430a00,prp_1f3b73df,usr_4e65d08a,no,1,Fine either way.,2026-08-12T10:00:00+05:30,2026-08-18T10:00:00+05:30
vot_c2c2d5e5,prp_db7b0ac5,usr_76c235d5,yes,1,,2026-07-28T10:00:00+05:30,2026-08-18T10:00:00+05:30
vot_39d3d367,prp_db7b0ac5,usr_76046cf3,yes,1.5,,2026-08-05T10:00:00+05:30,2026-08-18T10:00:00+05:30
vot_1c01ddec,prp_05ea0635,usr_e459a18c,yes,1.5,Only if we skip the museum.,2026-08-07T10:00:00+05:30,2026-08-18T10:00:00+05:30
vot_ff3a80d5,prp_05ea0635,usr_4e65d08a,abstain,1,,2026-08-05T10:00:00+05:30,2026-08-18T10:00:00+05:30
vot_7e593d60,prp_3b30f541,usr_e1ee0c13,no,1,,2026-07-21T10:00:00+05:30,2026-08-18T10:00:00+05:30
vot_f92846cb,prp_3b30f541,usr_9976417a,yes,1,,2026-08-06T10:00:00+05:30,2026-08-18T10:00:00+05:30
vot_08fda50a,prp_3b30f541,usr_fc3617c0,no,1,,2026-07-21T10:00:00+05:30,2026-08-18T10:00:00+05:30
vot_5cfe72af,prp_3b30f541,usr_d32b1be5,yes,1,Strongly prefer this.,2026-08-07T10:00:00+05:30,2026-08-18T10:00:00+05:30
vot_d249f013,prp_2c5b12e8,usr_e5b92b52,yes,1,Strongly prefer this.,2026-08-17T10:00:00+05:30,2026-08-18T10:00:00+05:30
vot_203e7732,prp_2c5b12e8,usr_c535ee88,no,1,Fine either way.,2026-08-07T10:00:00+05:30,2026-08-18T10:00:00+05:30
vot_d4309308,prp_7118c014,usr_e1cd7b02,yes,1.5,,2026-08-10T10:00:00+05:30,2026-08-18T10:00:00+05:30
vot_03af979a,prp_7118c014,usr_c582abb2,no,1,No — too far.,2026-08-15T10:00:00+05:30,2026-08-18T10:00:00+05:30
vot_c77aaf01,prp_8b3a1619,usr_72d88a70,yes,1.5,No — too far.,2026-08-14T10:00:00+05:30,2026-08-18T10:00:00+05:30
vot_46590c11,prp_8b3a1619,usr_fb725464,no,1,Strongly prefer this.,2026-07-26T10:00:00+05:30,2026-08-18T10:00:00+05:30
vot_0b3321a6,prp_8b3a1619,usr_a531d952,no,1,,2026-07-30T10:00:00+05:30,2026-08-18T10:00:00+05:30
vot_459e286b,prp_c15acbe9,usr_de458aa5,no,1,Fine either way.,2026-07-26T10:00:00+05:30,2026-08-18T10:00:00+05:30
vot_8a0783c6,prp_c15acbe9,usr_d1506bce,yes,1,,2026-07-27T10:00:00+05:30,2026-08-18T10:00:00+05:30
vot_9277e027,prp_c15acbe9,usr_2e849b83,abstain,1,,2026-08-13T10:00:00+05:30,2026-08-18T10:00:00+05:30
vot_9be6bfc4,prp_c15acbe9,usr_e1d938d9,abstain,1,Only if we skip the museum.,2026-07-22T10:00:00+05:30,2026-08-18T10:00:00+05:30
vot_2df53561,prp_4d9e48d0,usr_160064ff,yes,1,No — too far.,2026-07-31T10:00:00+05:30,2026-08-18T10:00:00+05:30
vot_29251f4b,prp_4d9e48d0,usr_7e684451,yes,1,,2026-07-31T10:00:00+05:30,2026-08-18T10:00:00+05:30
vot_6ea3866f,prp_6e13e1d6,usr_9793e551,abstain,1,No — too far.,2026-07-29T10:00:00+05:30,2026-08-18T10:00:00+05:30
vot_8d49e8a1,prp_6e13e1d6,usr_c426b4e1,yes,1,No — too far.,2026-08-01T10:00:00+05:30,2026-08-18T10:00:00+05:30
vot_cb78511e,prp_db55932b,usr_bc8d5d3b,no,1,Strongly prefer this.,2026-07-26T10:00:00+05:30,2026-08-18T10:00:00+05:30
vot_55be464b,prp_db55932b,usr_c659e4bf,no,1,,2026-08-07T10:00:00+05:30,2026-08-18T10:00:00+05:30
vot_a091ab5a,prp_a73d8877,usr_e6863416,yes,1,,2026-07-20T10:00:00+05:30,2026-08-18T10:00:00+05:30
vot_c5fb1d3a,prp_a73d8877,usr_72796feb,yes,1,,2026-08-02T10:00:00+05:30,2026-08-18T10:00:00+05:30
vot_e332caea,prp_a73d8877,usr_2162d6ff,yes,1,,2026-07-20T10:00:00+05:30,2026-08-18T10:00:00+05:30
vot_039aa877,prp_c6f9500b,usr_35982416,yes,1,,2026-07-21T10:00:00+05:30,2026-08-18T10:00:00+05:30
vot_1fb0a8ce,prp_c6f9500b,usr_1df4c157,yes,1,Fine either way.,2026-08-11T10:00:00+05:30,2026-08-18T10:00:00+05:30
vot_0de63102,prp_c6f9500b,usr_f12ab863,no,1.5,Fine either way.,2026-07-23T10:00:00+05:30,2026-08-18T10:00:00+05:30
vot_a6b10f7f,prp_ed46ddb0,usr_8905ffa4,yes,1,Strongly prefer this.,2026-07-26T10:00:00+05:30,2026-08-18T10:00:00+05:30
vot_16dc612c,prp_ed46ddb0,usr_01037e5c,yes,1,Strongly prefer this.,2026-07-26T10:00:00+05:30,2026-08-18T10:00:00+05:30
vot_4a08ef0d,prp_ed46ddb0,usr_fd729274,yes,1,,2026-08-10T10:00:00+05:30,2026-08-18T10:00:00+05:30
vot_34040987,prp_4f24653c,usr_2e562f89,yes,1.5,,2026-07-24T10:00:00+05:30,2026-08-18T10:00:00+05:30
vot_54e5cfeb,prp_4f24653c,usr_0af476d1,no,1,,2026-08-17T10:00:00+05:30,2026-08-18T10:00:00+05:30
vot_dc235c31,prp_9ce815da,usr_c010ce3c,yes,1,,2026-07-20T10:00:00+05:30,2026-08-18T10:00:00+05:30
vot_5b04e128,prp_9ce815da,usr_196ca537,yes,1,,2026-08-07T10:00:00+05:30,2026-08-18T10:00:00+05:30
vot_5c9659c3,prp_9ce815da,usr_c41a26c3,yes,1,Fine either way.,2026-08-03T10:00:00+05:30,2026-08-18T10:00:00+05:30
vot_7d6a3f3c,prp_74f3898a,usr_da6b9625,no,1,Strongly prefer this.,2026-08-08T10:00:00+05:30,2026-08-18T10:00:00+05:30
vot_a884328b,prp_74f3898a,usr_d3b4799e,abstain,1,Only if we skip the museum.,2026-08-04T10:00:00+05:30,2026-08-18T10:00:00+05:30
vot_a3e00987,prp_74f3898a,usr_9b002a1a,abstain,1,Strongly prefer this.,2026-07-31T10:00:00+05:30,2026-08-18T10:00:00+05:30
vot_7613afd2,prp_74f3898a,usr_fe54affe,no,1,Strongly prefer this.,2026-08-08T10:00:00+05:30,2026-08-18T10:00:00+05:30
vot_6a294a14,prp_feec53d5,usr_d1c73fb8,yes,1,,2026-07-20T10:00:00+05:30,2026-08-18T10:00:00+05:30
vot_b71e8d02,prp_feec53d5,usr_e5bfa6cd,yes,1,No — too far.,2026-07-29T10:00:00+05:30,2026-08-18T10:00:00+05:30
vot_f655caff,prp_feec53d5,usr_7edfea3c,no,1.5,Only if we skip the museum.,2026-08-15T10:00:00+05:30,2026-08-18T10:00:00+05:30
vot_d0454eb4,prp_f0d23094,usr_fc8fd348,yes,1,,2026-07-25T10:00:00+05:30,2026-08-18T10:00:00+05:30
vot_b38c2eef,prp_f0d23094,usr_a5077371,no,1,,2026-07-21T10:00:00+05:30,2026-08-18T10:00:00+05:30
vot_0f5de38d,prp_3b5da1bc,usr_d245dd5d,no,1,,2026-08-17T10:00:00+05:30,2026-08-18T10:00:00+05:30
vot_9f21b9b1,prp_3b5da1bc,usr_7101a5b5,yes,1,Fine either way.,2026-07-21T10:00:00+05:30,2026-08-18T10:00:00+05:30
vot_186a11d2,prp_46a7a0be,usr_895960e2,abstain,1,Strongly prefer this.,2026-07-29T10:00:00+05:30,2026-08-18T10:00:00+05:30
vot_3284f896,prp_46a7a0be,usr_ae35e63d,yes,1,,2026-07-28T10:00:00+05:30,2026-08-18T10:00:00+05:30
vot_9babf424,prp_062aa305,usr_fcd9bdf6,yes,1,,2026-08-07T10:00:00+05:30,2026-08-18T10:00:00+05:30
vot_ca4c4c72,prp_062aa305,usr_62b3f8b8,yes,1,,2026-07-31T10:00:00+05:30,2026-08-18T10:00:00+05:30
vot_8ed0a133,prp_062aa305,usr_44ec53b5,no,1.5,Strongly prefer this.,2026-08-04T10:00:00+05:30,2026-08-18T10:00:00+05:30
vot_9af68525,prp_9053f99b,usr_aef2650b,yes,1,Fine either way.,2026-08-04T10:00:00+05:30,2026-08-18T10:00:00+05:30
vot_31511c3f,prp_9053f99b,usr_5dec704e,yes,1,Strongly prefer this.,2026-08-16T10:00:00+05:30,2026-08-18T10:00:00+05:30
vot_3c115e25,prp_9053f99b,usr_34d0c50b,yes,1,,2026-08-04T10:00:00+05:30,2026-08-18T10:00:00+05:30
vot_6aa558ee,prp_9053f99b,usr_2353848b,yes,1,,2026-07-21T10:00:00+05:30,2026-08-18T10:00:00+05:30
vot_a775ba86,prp_ffbf968f,usr_29dfdea3,yes,1.5,Fine either way.,2026-07-20T10:00:00+05:30,2026-08-18T10:00:00+05:30
vot_3526542d,prp_ffbf968f,usr_3d56531d,yes,1,Only if we skip the museum.,2026-08-01T10:00:00+05:30,2026-08-18T10:00:00+05:30
vot_54fb22fa,prp_f43c16a1,usr_2136e1fa,yes,1,Strongly prefer this.,2026-07-21T10:00:00+05:30,2026-08-18T10:00:00+05:30
vot_34f060b6,prp_f43c16a1,usr_0567fe37,no,1,Fine either way.,2026-07-22T10:00:00+05:30,2026-08-18T10:00:00+05:30
vot_7e6ba7d9,prp_5e3d58d6,usr_7d0ce609,no,1,No — too far.,2026-08-10T10:00:00+05:30,2026-08-18T10:00:00+05:30
vot_84ee3d64,prp_5e3d58d6,usr_326aed9f,yes,1,Strongly prefer this.,2026-08-01T10:00:00+05:30,2026-08-18T10:00:00+05:30
vot_f8302399,prp_3755dcb1,usr_05d0be25,yes,1,,2026-08-03T10:00:00+05:30,2026-08-18T10:00:00+05:30
vot_592cec94,prp_3755dcb1,usr_58d2b52f,abstain,1.5,Strongly prefer this.,2026-08-12T10:00:00+05:30,2026-08-18T10:00:00+05:30
vot_e83c18e6,prp_3755dcb1,usr_e0440f90,yes,1.5,,2026-08-12T10:00:00+05:30,2026-08-18T10:00:00+05:30
vot_6033ad74,prp_4c20f056,usr_aefdae86,no,1,Fine either way.,2026-08-16T10:00:00+05:30,2026-08-18T10:00:00+05:30
vot_b228ecb6,prp_4c20f056,usr_ce941853,yes,1.5,,2026-08-11T10:00:00+05:30,2026-08-18T10:00:00+05:30
vot_88a15912,prp_58f6beca,usr_6c3fae7b,yes,1,,2026-07-27T10:00:00+05:30,2026-08-18T10:00:00+05:30
vot_76bf51d2,prp_58f6beca,usr_3438d3c4,yes,1.5,Only if we skip the museum.,2026-07-21T10:00:00+05:30,2026-08-18T10:00:00+05:30
vot_602bc594,prp_d3e34be8,usr_f48b4353,yes,1,No — too far.,2026-08-13T10:00:00+05:30,2026-08-18T10:00:00+05:30
vot_31fcd694,prp_d3e34be8,usr_2136e1fa,yes,1,,2026-08-03T10:00:00+05:30,2026-08-18T10:00:00+05:30
vot_8cf6ba8f,prp_d1a7eda5,usr_1f3d6d92,yes,1,No — too far.,2026-08-06T10:00:00+05:30,2026-08-18T10:00:00+05:30
vot_03e230d0,prp_d1a7eda5,usr_5d8450f0,yes,1,,2026-07-27T10:00:00+05:30,2026-08-18T10:00:00+05:30
vot_f97ae9ac,prp_d1a7eda5,usr_3ccdc15e,no,1,Only if we skip the museum.,2026-07-24T10:00:00+05:30,2026-08-18T10:00:00+05:30
vot_090f193c,prp_d1a7eda5,usr_9a512200,yes,1,Strongly prefer this.,2026-08-12T10:00:00+05:30,2026-08-18T10:00:00+05:30
vot_32f3ae61,prp_6afe7425,usr_34e42e87,yes,1,,2026-07-25T10:00:00+05:30,2026-08-18T10:00:00+05:30
vot_ac624675,prp_6afe7425,usr_51247360,yes,1,Only if we skip the museum.,2026-08-12T10:00:00+05:30,2026-08-18T10:00:00+05:30
vot_7a1f7bf0,prp_6afe7425,usr_4d8f3b3a,yes,1,,2026-08-14T10:00:00+05:30,2026-08-18T10:00:00+05:30
vot_42da00a1,prp_6afe7425,usr_fecd2601,yes,1,Only if we skip the museum.,2026-07-27T10:00:00+05:30,2026-08-18T10:00:00+05:30
vot_d5c24c11,prp_e1fb8f32,usr_65b43f7e,yes,1,No — too far.,2026-07-27T10:00:00+05:30,2026-08-18T10:00:00+05:30
vot_0e6d3f50,prp_e1fb8f32,usr_5f1e6e1c,no,1,,2026-07-20T10:00:00+05:30,2026-08-18T10:00:00+05:30
vot_12b623cc,prp_6f2493e6,usr_228f37bd,yes,1,,2026-08-15T10:00:00+05:30,2026-08-18T10:00:00+05:30
vot_e2486096,prp_6f2493e6,usr_1f0f9af9,yes,1,Strongly prefer this.,2026-08-17T10:00:00+05:30,2026-08-18T10:00:00+05:30
vot_92bb8dfb,prp_d79abe4b,usr_dc888b66,yes,1,,2026-08-08T10:00:00+05:30,2026-08-18T10:00:00+05:30
vot_97cd9dbc,prp_d79abe4b,usr_bc4b67f6,no,1,,2026-08-04T10:00:00+05:30,2026-08-18T10:00:00+05:30
vot_4b4ceb8a,prp_d79abe4b,usr_d20b2a69,yes,1,Fine either way.,2026-08-12T10:00:00+05:30,2026-08-18T10:00:00+05:30
vot_cb1ac604,prp_c6f8de6f,usr_cf6d7fc2,no,1,No — too far.,2026-08-08T10:00:00+05:30,2026-08-18T10:00:00+05:30
vot_8d21bb48,prp_c6f8de6f,usr_fbf7ac58,abstain,1.5,,2026-07-31T10:00:00+05:30,2026-08-18T10:00:00+05:30
vot_a9915a6c,prp_f9672db9,usr_712600f0,yes,1,,2026-07-25T10:00:00+05:30,2026-08-18T10:00:00+05:30
vot_2783b2e2,prp_f9672db9,usr_e6dcafe4,yes,1,,2026-08-17T10:00:00+05:30,2026-08-18T10:00:00+05:30
vot_3794e2a4,prp_5ec3e258,usr_865c98a2,no,1,Only if we skip the museum.,2026-08-05T10:00:00+05:30,2026-08-18T10:00:00+05:30
vot_c2c3bf9a,prp_5ec3e258,usr_d5cd5550,yes,1.5,,2026-08-12T10:00:00+05:30,2026-08-18T10:00:00+05:30
vot_776af573,prp_5fe64b31,usr_ce38459a,no,1,,2026-08-06T10:00:00+05:30,2026-08-18T10:00:00+05:30
vot_c624bec8,prp_5fe64b31,usr_7576a6e0,no,1,,2026-08-17T10:00:00+05:30,2026-08-18T10:00:00+05:30
vot_65253b75,prp_5fe64b31,usr_dc032205,yes,1.5,,2026-07-31T10:00:00+05:30,2026-08-18T10:00:00+05:30
vot_fdfc0578,prp_70f25210,usr_956481cd,yes,1,,2026-07-25T10:00:00+05:30,2026-08-18T10:00:00+05:30
vot_02527eb6,prp_70f25210,usr_7576a6e0,yes,1,,2026-07-28T10:00:00+05:30,2026-08-18T10:00:00+05:30
vot_c166a9d2,prp_e38ed083,usr_949a215d,no,1,,2026-07-22T10:00:00+05:30,2026-08-18T10:00:00+05:30
vot_11319fd1,prp_e38ed083,usr_f94b1e02,no,1.5,,2026-08-03T10:00:00+05:30,2026-08-18T10:00:00+05:30
vot_5eb67592,prp_e38ed083,usr_c6f0707f,no,1,,2026-07-24T10:00:00+05:30,2026-08-18T10:00:00+05:30
vot_b55dee95,prp_23f5097a,usr_f353d290,yes,1,,2026-08-03T10:00:00+05:30,2026-08-18T10:00:00+05:30
vot_88ca857c,prp_23f5097a,usr_fa3a9dd6,no,1,,2026-08-07T10:00:00+05:30,2026-08-18T10:00:00+05:30
vot_ad6bcd4e,prp_23f5097a,usr_f96768fc,no,1,,2026-08-08T10:00:00+05:30,2026-08-18T10:00:00+05:30
vot_aff1e22d,prp_23f5097a,usr_78afc45f,yes,1,,2026-07-25T10:00:00+05:30,2026-08-18T10:00:00+05:30
vot_76ae23a7,prp_6060ce91,usr_bc4a9809,no,1,,2026-07-21T10:00:00+05:30,2026-08-18T10:00:00+05:30
vot_45473777,prp_6060ce91,usr_424fbf1a,yes,1,Strongly prefer this.,2026-07-22T10:00:00+05:30,2026-08-18T10:00:00+05:30
vot_66e72544,prp_0c1a80be,usr_efe9a3aa,abstain,1.5,,2026-08-02T10:00:00+05:30,2026-08-18T10:00:00+05:30
vot_72f2ca68,prp_0c1a80be,usr_12f95c97,yes,1.5,,2026-08-02T10:00:00+05:30,2026-08-18T10:00:00+05:30
vot_be0a6e23,prp_0c1a80be,usr_a7185e16,yes,1,,2026-08-02T10:00:00+05:30,2026-08-18T10:00:00+05:30
vot_70bdbf31,prp_c408aebf,usr_0f63f4f1,yes,1.5,,2026-07-23T10:00:00+05:30,2026-08-18T10:00:00+05:30
vot_571cc7f3,prp_c408aebf,usr_9e65154f,yes,1,,2026-08-05T10:00:00+05:30,2026-08-18T10:00:00+05:30
vot_8a291b91,prp_1ccc26eb,usr_7f26d855,no,1,,2026-07-31T10:00:00+05:30,2026-08-18T10:00:00+05:30
vot_49877de0,prp_1ccc26eb,usr_0f63f4f1,abstain,1,,2026-08-01T10:00:00+05:30,2026-08-18T10:00:00+05:30
vot_6f355242,prp_1ccc26eb,usr_7d446287,abstain,1,,2026-08-17T10:00:00+05:30,2026-08-18T10:00:00+05:30
vot_c532c2ce,prp_88d399c3,usr_53cbafa7,no,1,,2026-07-20T10:00:00+05:30,2026-08-18T10:00:00+05:30
vot_fa2c2b48,prp_88d399c3,usr_7faf6134,no,1,Fine either way.,2026-07-24T10:00:00+05:30,2026-08-18T10:00:00+05:30
vot_90680edc,prp_88d399c3,usr_8e84ba7a,no,1,,2026-07-29T10:00:00+05:30,2026-08-18T10:00:00+05:30
vot_9b2b7cef,prp_2e6271d6,usr_108e6f0f,yes,1,Strongly prefer this.,2026-08-17T10:00:00+05:30,2026-08-18T10:00:00+05:30
vot_c558a1ab,prp_2e6271d6,usr_24e54a31,no,1.5,No — too far.,2026-07-21T10:00:00+05:30,2026-08-18T10:00:00+05:30
vot_c3767728,prp_293f073b,usr_638c6951,yes,1,,2026-07-31T10:00:00+05:30,2026-08-18T10:00:00+05:30
vot_2f7a8b23,prp_293f073b,usr_9c3deed5,yes,1.5,,2026-08-01T10:00:00+05:30,2026-08-18T10:00:00+05:30
vot_8e2bba25,prp_55fb73c5,usr_a0588479,no,1.5,,2026-07-28T10:00:00+05:30,2026-08-18T10:00:00+05:30
vot_d43936b8,prp_55fb73c5,usr_d848a275,no,1,,2026-07-27T10:00:00+05:30,2026-08-18T10:00:00+05:30
vot_211a62bb,prp_55fb73c5,usr_5b0e5805,yes,1,Fine either way.,2026-08-02T10:00:00+05:30,2026-08-18T10:00:00+05:30
vot_948d106d,prp_55fb73c5,usr_8f32fd7a,abstain,1,,2026-08-12T10:00:00+05:30,2026-08-18T10:00:00+05:30
vot_8d7256c4,prp_304631f8,usr_d3acd59c,yes,1.5,Strongly prefer this.,2026-08-04T10:00:00+05:30,2026-08-18T10:00:00+05:30
vot_21e20eee,prp_304631f8,usr_0ae483ef,no,1.5,,2026-08-16T10:00:00+05:30,2026-08-18T10:00:00+05:30
vot_066a2fb3,prp_304631f8,usr_394de344,yes,1,Strongly prefer this.,2026-07-25T10:00:00+05:30,2026-08-18T10:00:00+05:30
vot_92a73b3d,prp_83b19f47,usr_3393c7a2,abstain,1,,2026-08-03T10:00:00+05:30,2026-08-18T10:00:00+05:30
vot_bb720cc2,prp_83b19f47,usr_268fdb85,abstain,1,,2026-07-22T10:00:00+05:30,2026-08-18T10:00:00+05:30
